,,0.0,1.0,2.0,3.0,4.0,5.0,6.0,7.0,8.0,9.0,10.0,11.0,12.0,13.0,14.0,15.0,16.0,17.0,18.0,19.0,20.0,21.0,22.0,23.0,24.0,25.0,26.0,27.0,28.0,29.0,30.0,31.0,32.0,33.0,34.0,35.0,36.0,37.0,38.0,39.0,40.0,41.0,42.0,43.0,44.0,45.0,46.0,47.0,48.0,49.0,50.0,51.0,52.0,53.0,54.0,55.0,56.0,57.0,58.0,59.0,60.0,61.0,62.0,63.0,64.0,65.0,66.0,67.0,68.0,69.0,70.0,71.0,72.0,73.0,74.0,75.0,76.0,77.0,78.0,79.0,80.0,81.0,82.0,83.0,84.0,85.0,86.0,87.0,88.0,89.0,90.0,91.0,92.0,93.0,94.0,95.0,96.0,97.0,98.0,99.0,100.0,101.0,102.0,103.0,104.0,105.0,106.0,107.0,108.0,109.0,110.0,111.0,112.0,113.0,114.0,115.0,Total
9,Albany (C),374.0,348.0,413.0,434.0,418.0,376.0,461.0,437.0,486.0,520.0,489.0,435.0,542.0,492.0,550.0,507.0,515.0,542.0,478.0,359.0,369.0,353.0,356.0,351.0,341.0,350.0,402.0,356.0,381.0,435.0,427.0,370.0,399.0,364.0,384.0,392.0,374.0,406.0,367.0,413.0,436.0,410.0,456.0,448.0,477.0,517.0,476.0,536.0,479.0,472.0,474.0,484.0,448.0,520.0,521.0,579.0,495.0,583.0,508.0,487.0,515.0,467.0,498.0,499.0,485.0,541.0,504.0,463.0,415.0,461.0,351.0,347.0,345.0,364.0,362.0,263.0,290.0,290.0,281.0,248.0,222.0,238.0,175.0,194.0,163.0,171.0,150.0,131.0,108.0,110.0,84.0,64.0,64.0,43.0,39.0,25.0,23.0,9.0,9.0,9.0,0.0,3.0,0.0,0.0,4.0,0.0,0.0,0.0,0.0,0.0,0.0,0.0,0.0,0.0,0.0,0.0,36585
10,Armadale (C),1397.0,1490.0,1417.0,1378.0,1280.0,1271.0,1204.0,1088.0,1216.0,1106.0,1086.0,983.0,971.0,903.0,932.0,903.0,944.0,951.0,977.0,913.0,1012.0,1025.0,1040.0,1087.0,1072.0,1200.0,1290.0,1296.0,1347.0,1368.0,1472.0,1495.0,1496.0,1417.0,1354.0,1361.0,1289.0,1289.0,1126.0,1059.0,1026.0,992.0,1048.0,1079.0,1056.0,1037.0,992.0,1018.0,966.0,912.0,971.0,916.0,936.0,948.0,1005.0,946.0,866.0,839.0,820.0,816.0,820.0,742.0,748.0,782.0,759.0,696.0,665.0,654.0,672.0,676.0,526.0,472.0,429.0,414.0,364.0,369.0,330.0,319.0,301.0,262.0,237.0,242.0,186.0,159.0,162.0,175.0,134.0,134.0,92.0,104.0,61.0,48.0,58.0,24.0,29.0,28.0,16.0,9.0,9.0,5.0,0.0,0.0,0.0,0.0,0.0,0.0,0.0,0.0,0.0,0.0,0.0,0.0,0.0,0.0,0.0,0.0,79596
11,Ashburton (S),135.0,142.0,141.0,142.0,141.0,139.0,130.0,138.0,123.0,118.0,88.0,77.0,80.0,61.0,65.0,47.0,38.0,57.0,45.0,54.0,55.0,81.0,82.0,154.0,188.0,202.0,286.0,343.0,368.0,409.0,376.0,362.0,371.0,375.0,364.0,365.0,324.0,302.0,326.0,310.0,277.0,283.0,272.0,320.0,284.0,305.0,239.0,265.0,225.0,241.0,232.0,245.0,220.0,216.0,225.0,213.0,181.0,171.0,153.0,146.0,142.0,100.0,99.0,82.0,62.0,49.0,43.0,24.0,15.0,25.0,11.0,12.0,9.0,0.0,3.0,10.0,0.0,0.0,8.0,0.0,0.0,4.0,4.0,0.0,0.0,3.0,0.0,0.0,0.0,0.0,0.0,0.0,0.0,0.0,0.0,0.0,0.0,0.0,0.0,0.0,0.0,0.0,0.0,0.0,0.0,0.0,0.0,0.0,0.0,0.0,0.0,0.0,0.0,0.0,0.0,0.0,13026
12,Augusta-Margaret River (S),191.0,215.0,201.0,213.0,203.0,210.0,249.0,204.0,214.0,221.0,175.0,218.0,200.0,187.0,192.0,181.0,164.0,151.0,116.0,93.0,77.0,72.0,88.0,81.0,115.0,134.0,126.0,145.0,148.0,158.0,225.0,185.0,195.0,215.0,228.0,261.0,208.0,236.0,248.0,229.0,224.0,221.0,225.0,262.0,221.0,250.0,219.0,204.0,196.0,195.0,189.0,184.0,166.0,197.0,175.0,179.0,202.0,228.0,162.0,203.0,200.0,187.0,167.0,186.0,186.0,184.0,156.0,154.0,112.0,147.0,98.0,116.0,109.0,85.0,96.0,71.0,79.0,77.0,61.0,61.0,61.0,49.0,38.0,38.0,42.0,31.0,36.0,26.0,26.0,27.0,13.0,18.0,11.0,12.0,8.0,8.0,6.0,0.0,9.0,0.0,0.0,0.0,0.0,0.0,0.0,0.0,0.0,0.0,0.0,0.0,0.0,0.0,0.0,0.0,0.0,0.0,14257
13,Bassendean (T),200.0,203.0,222.0,199.0,174.0,213.0,188.0,180.0,152.0,191.0,180.0,146.0,144.0,160.0,145.0,171.0,147.0,151.0,162.0,194.0,145.0,175.0,147.0,163.0,184.0,182.0,190.0,192.0,222.0,235.0,248.0,258.0,255.0,215.0,242.0,248.0,239.0,210.0,212.0,219.0,220.0,202.0,212.0,234.0,244.0,259.0,192.0,228.0,201.0,210.0,201.0,206.0,199.0,193.0,205.0,206.0,193.0,189.0,184.0,168.0,182.0,163.0,160.0,152.0,187.0,171.0,145.0,139.0,136.0,157.0,141.0,103.0,106.0,86.0,98.0,97.0,97.0,82.0,94.0,55.0,77.0,60.0,83.0,62.0,59.0,44.0,37.0,42.0,55.0,40.0,29.0,15.0,17.0,12.0,15.0,10.0,5.0,4.0,3.0,4.0,0.0,0.0,0.0,0.0,0.0,0.0,0.0,0.0,0.0,0.0,0.0,0.0,0.0,0.0,0.0,0.0,15093
14,Bayswater (C),814.0,808.0,749.0,682.0,762.0,736.0,699.0,643.0,680.0,683.0,648.0,590.0,545.0,584.0,558.0,582.0,574.0,604.0,615.0,733.0,780.0,840.0,846.0,851.0,940.0,1021.0,1104.0,1200.0,1262.0,1254.0,1284.0,1308.0,1227.0,1218.0,1141.0,1150.0,985.0,1031.0,951.0,920.0,891.0,885.0,876.0,916.0,1005.0,917.0,822.0,879.0,790.0,821.0,747.0,804.0,801.0,765.0,839.0,799.0,816.0,692.0,755.0,688.0,721.0,730.0,729.0,685.0,660.0,624.0,613.0,611.0,614.0,633.0,518.0,500.0,488.0,383.0,396.0,393.0,382.0,377.0,361.0,309.0,328.0,279.0,260.0,250.0,222.0,193.0,203.0,196.0,169.0,133.0,132.0,113.0,109.0,68.0,59.0,25.0,32.0,18.0,20.0,14.0,9.0,0.0,0.0,0.0,0.0,0.0,0.0,0.0,0.0,0.0,0.0,0.0,0.0,0.0,0.0,0.0,64674
15,Belmont (C),539.0,578.0,516.0,518.0,476.0,430.0,406.0,459.0,383.0,390.0,353.0,357.0,344.0,300.0,344.0,313.0,345.0,310.0,367.0,443.0,578.0,615.0,664.0,700.0,752.0,823.0,858.0,887.0,954.0,863.0,856.0,883.0,868.0,796.0,780.0,729.0,650.0,614.0,609.0,548.0,535.0,533.0,555.0,510.0,508.0,512.0,483.0,436.0,450.0,473.0,454.0,397.0,424.0,448.0,444.0,490.0,443.0,420.0,399.0,399.0,368.0,383.0,393.0,346.0,345.0,319.0,290.0,331.0,309.0,306.0,278.0,230.0,228.0,218.0,210.0,248.0,210.0,183.0,214.0,180.0,179.0,173.0,170.0,160.0,106.0,134.0,127.0,96.0,91.0,80.0,75.0,44.0,49.0,33.0,31.0,13.0,21.0,8.0,9.0,5.0,0.0,0.0,0.0,0.0,0.0,0.0,0.0,0.0,0.0,0.0,0.0,0.0,0.0,0.0,0.0,0.0,39685
16,Beverley (S),10.0,13.0,25.0,9.0,15.0,11.0,17.0,21.0,10.0,21.0,27.0,32.0,11.0,22.0,17.0,11.0,12.0,5.0,7.0,12.0,14.0,7.0,10.0,6.0,13.0,8.0,16.0,10.0,11.0,14.0,11.0,14.0,18.0,18.0,16.0,20.0,15.0,13.0,15.0,19.0,9.0,21.0,29.0,14.0,16.0,23.0,18.0,27.0,30.0,17.0,24.0,26.0,18.0,37.0,29.0,32.0,31.0,35.0,25.0,34.0,37.0,35.0,35.0,35.0,28.0,34.0,30.0,31.0,31.0,44.0,25.0,23.0,28.0,31.0,25.0,22.0,12.0,15.0,24.0,21.0,11.0,11.0,6.0,16.0,7.0,5.0,4.0,8.0,0.0,4.0,0.0,4.0,3.0,0.0,3.0,0.0,0.0,0.0,0.0,0.0,0.0,0.0,0.0,0.0,0.0,0.0,0.0,0.0,0.0,0.0,0.0,0.0,0.0,0.0,0.0,0.0,1749
17,Boddington (S),19.0,28.0,32.0,41.0,24.0,24.0,23.0,25.0,37.0,29.0,29.0,25.0,14.0,25.0,19.0,15.0,14.0,17.0,8.0,19.0,19.0,10.0,14.0,19.0,11.0,19.0,21.0,15.0,15.0,19.0,31.0,26.0,28.0,25.0,32.0,21.0,27.0,33.0,45.0,22.0,30.0,17.0,34.0,34.0,20.0,38.0,20.0,28.0,35.0,23.0,25.0,45.0,30.0,24.0,30.0,24.0,32.0,15.0,17.0,30.0,26.0,25.0,30.0,20.0,25.0,14.0,20.0,23.0,18.0,21.0,14.0,12.0,9.0,20.0,11.0,17.0,14.0,5.0,3.0,4.0,11.0,4.0,0.0,7.0,0.0,0.0,0.0,0.0,0.0,0.0,0.0,0.0,0.0,4.0,0.0,0.0,0.0,0.0,0.0,0.0,0.0,0.0,0.0,0.0,0.0,0.0,0.0,0.0,0.0,0.0,0.0,0.0,0.0,0.0,0.0,0.0,1846
18,Boyup Brook (S),24.0,18.0,20.0,23.0,26.0,24.0,28.0,25.0,28.0,34.0,13.0,23.0,24.0,18.0,18.0,17.0,15.0,13.0,9.0,5.0,8.0,9.0,7.0,5.0,8.0,7.0,11.0,7.0,5.0,14.0,16.0,14.0,17.0,13.0,17.0,22.0,21.0,21.0,19.0,24.0,21.0,21.0,25.0,18.0,24.0,20.0,29.0,23.0,24.0,30.0,19.0,21.0,38.0,39.0,26.0,39.0,16.0,35.0,25.0,29.0,17.0,26.0,17.0,31.0,31.0,24.0,28.0,28.0,32.0,25.0,31.0,19.0,20.0,25.0,13.0,13.0,14.0,10.0,15.0,12.0,14.0,7.0,3.0,9.0,8.0,8.0,3.0,0.0,4.0,8.0,3.0,0.0,0.0,3.0,3.0,0.0,0.0,0.0,0.0,0.0,0.0,0.0,0.0,0.0,0.0,0.0,0.0,0.0,0.0,0.0,0.0,0.0,0.0,0.0,0.0,0.0,1702
19,Bridgetown-Greenbushes (S),34.0,36.0,45.0,47.0,48.0,49.0,52.0,58.0,60.0,72.0,70.0,65.0,69.0,66.0,47.0,71.0,46.0,56.0,41.0,40.0,20.0,26.0,26.0,28.0,28.0,15.0,26.0,27.0,37.0,30.0,27.0,36.0,35.0,34.0,33.0,42.0,41.0,47.0,49.0,50.0,52.0,54.0,58.0,61.0,59.0,79.0,54.0,55.0,76.0,61.0,57.0,67.0,64.0,89.0,94.0,67.0,81.0,79.0,85.0,72.0,88.0,79.0,86.0,99.0,87.0,99.0,79.0,89.0,84.0,80.0,69.0,68.0,50.0,56.0,51.0,49.0,41.0,43.0,36.0,28.0,20.0,25.0,18.0,19.0,17.0,19.0,15.0,11.0,16.0,10.0,3.0,6.0,5.0,0.0,0.0,5.0,3.0,0.0,0.0,0.0,0.0,0.0,0.0,0.0,0.0,0.0,0.0,0.0,0.0,0.0,0.0,0.0,0.0,0.0,0.0,0.0,4661
20,Brookton (S),19.0,10.0,14.0,12.0,14.0,9.0,18.0,17.0,9.0,15.0,5.0,11.0,0.0,6.0,4.0,3.0,9.0,4.0,11.0,8.0,12.0,0.0,9.0,14.0,8.0,8.0,10.0,9.0,7.0,8.0,4.0,9.0,10.0,10.0,10.0,9.0,19.0,11.0,9.0,7.0,6.0,7.0,7.0,13.0,13.0,23.0,15.0,25.0,13.0,6.0,20.0,10.0,18.0,13.0,16.0,11.0,6.0,10.0,10.0,18.0,12.0,11.0,12.0,12.0,18.0,15.0,18.0,17.0,25.0,9.0,11.0,6.0,16.0,8.0,14.0,6.0,13.0,11.0,8.0,8.0,7.0,5.0,7.0,5.0,4.0,0.0,0.0,0.0,9.0,7.0,3.0,3.0,0.0,4.0,5.0,0.0,0.0,0.0,0.0,0.0,0.0,0.0,0.0,0.0,0.0,0.0,0.0,0.0,0.0,0.0,0.0,0.0,0.0,0.0,0.0,0.0,974
21,Broome (S),246.0,241.0,271.0,289.0,260.0,283.0,271.0,271.0,282.0,276.0,254.0,256.0,208.0,222.0,243.0,183.0,183.0,185.0,169.0,137.0,176.0,154.0,157.0,183.0,206.0,240.0,268.0,293.0,282.0,288.0,325.0,305.0,321.0,294.0,249.0,279.0,288.0,236.0,280.0,280.0,250.0,236.0,264.0,247.0,248.0,253.0,216.0,227.0,233.0,221.0,202.0,201.0,239.0,205.0,217.0,225.0,234.0,189.0,185.0,214.0,217.0,169.0,148.0,141.0,126.0,116.0,95.0,80.0,90.0,90.0,66.0,61.0,68.0,51.0,56.0,36.0,41.0,27.0,28.0,24.0,22.0,9.0,15.0,15.0,15.0,8.0,16.0,5.0,4.0,4.0,3.0,5.0,3.0,0.0,0.0,0.0,0.0,0.0,0.0,0.0,0.0,0.0,0.0,0.0,0.0,0.0,0.0,0.0,0.0,0.0,0.0,0.0,0.0,0.0,0.0,0.0,16217
22,Broomehill-Tambellup (S),27.0,15.0,26.0,18.0,26.0,23.0,23.0,11.0,15.0,19.0,20.0,19.0,10.0,7.0,15.0,9.0,13.0,11.0,8.0,9.0,10.0,9.0,7.0,9.0,12.0,10.0,12.0,12.0,19.0,10.0,18.0,14.0,16.0,25.0,17.0,13.0,17.0,5.0,12.0,11.0,6.0,13.0,15.0,12.0,16.0,11.0,14.0,15.0,13.0,16.0,26.0,21.0,18.0,20.0,17.0,15.0,20.0,11.0,18.0,14.0,23.0,15.0,16.0,23.0,8.0,9.0,16.0,7.0,6.0,13.0,9.0,11.0,9.0,7.0,4.0,10.0,17.0,12.0,7.0,0.0,6.0,0.0,5.0,3.0,7.0,0.0,3.0,0.0,0.0,0.0,0.0,0.0,0.0,0.0,0.0,0.0,0.0,0.0,0.0,0.0,0.0,0.0,0.0,0.0,0.0,0.0,0.0,0.0,0.0,0.0,0.0,0.0,0.0,0.0,0.0,0.0,1142
23,Bruce Rock (S),13.0,5.0,10.0,13.0,10.0,17.0,9.0,15.0,23.0,8.0,18.0,8.0,15.0,16.0,8.0,6.0,3.0,3.0,8.0,5.0,6.0,7.0,3.0,4.0,8.0,9.0,8.0,7.0,8.0,6.0,11.0,7.0,11.0,18.0,12.0,10.0,11.0,3.0,6.0,11.0,20.0,13.0,9.0,12.0,7.0,7.0,12.0,15.0,11.0,11.0,10.0,13.0,10.0,11.0,13.0,13.0,12.0,16.0,14.0,19.0,13.0,22.0,15.0,16.0,17.0,25.0,17.0,9.0,25.0,16.0,17.0,15.0,8.0,3.0,7.0,6.0,15.0,6.0,5.0,7.0,6.0,4.0,5.0,7.0,5.0,0.0,3.0,0.0,0.0,3.0,0.0,0.0,5.0,0.0,0.0,0.0,0.0,0.0,0.0,0.0,0.0,0.0,0.0,0.0,0.0,0.0,0.0,0.0,0.0,0.0,0.0,0.0,0.0,0.0,0.0,0.0,926
24,Bunbury (C),339.0,376.0,418.0,351.0,380.0,373.0,379.0,385.0,380.0,394.0,375.0,350.0,349.0,317.0,377.0,360.0,396.0,363.0,306.0,337.0,327.0,347.0,362.0,399.0,406.0,404.0,452.0,399.0,428.0,441.0,427.0,403.0,400.0,422.0,413.0,430.0,405.0,397.0,400.0,400.0,361.0,351.0,415.0,423.0,415.0,463.0,421.0,436.0,426.0,418.0,413.0,453.0,422.0,452.0,416.0,489.0,461.0,472.0,473.0,414.0,453.0,401.0,391.0,390.0,365.0,390.0,371.0,357.0,383.0,380.0,320.0,315.0,273.0,230.0,241.0,220.0,221.0,233.0,169.0,205.0,164.0,180.0,149.0,144.0,120.0,143.0,97.0,124.0,90.0,82.0,85.0,54.0,61.0,46.0,29.0,22.0,17.0,8.0,5.0,5.0,4.0,0.0,0.0,0.0,0.0,0.0,0.0,0.0,0.0,0.0,0.0,0.0,0.0,0.0,0.0,0.0,31920
25,Busselton (C),390.0,436.0,428.0,487.0,501.0,483.0,574.0,513.0,557.0,555.0,523.0,503.0,488.0,515.0,510.0,522.0,447.0,478.0,390.0,287.0,275.0,294.0,285.0,308.0,296.0,303.0,299.0,328.0,328.0,365.0,395.0,421.0,429.0,458.0,458.0,446.0,474.0,469.0,467.0,431.0,484.0,526.0,518.0,542.0,588.0,613.0,525.0,492.0,483.0,480.0,477.0,467.0,459.0,515.0,442.0,488.0,464.0,440.0,470.0,488.0,493.0,468.0,489.0,497.0,438.0,503.0,488.0,476.0,441.0,545.0,397.0,371.0,370.0,305.0,350.0,277.0,285.0,236.0,244.0,227.0,207.0,174.0,176.0,160.0,143.0,141.0,132.0,108.0,101.0,83.0,71.0,57.0,47.0,32.0,25.0,22.0,10.0,9.0,7.0,0.0,0.0,0.0,0.0,0.0,0.0,0.0,0.0,0.0,0.0,0.0,0.0,0.0,0.0,0.0,0.0,0.0,36688
26,Cambridge (T),243.0,270.0,297.0,366.0,337.0,413.0,401.0,440.0,412.0,455.0,464.0,400.0,391.0,354.0,399.0,368.0,372.0,355.0,295.0,309.0,299.0,329.0,269.0,308.0,327.0,310.0,301.0,302.0,257.0,263.0,273.0,278.0,264.0,304.0,302.0,353.0,291.0,317.0,321.0,337.0,357.0,377.0,385.0,427.0,461.0,472.0,445.0,436.0,436.0,393.0,368.0,374.0,384.0,378.0,358.0,360.0,372.0,349.0,314.0,347.0,313.0,281.0,287.0,276.0,256.0,243.0,218.0,205.0,225.0,200.0,198.0,186.0,161.0,180.0,153.0,161.0,163.0,137.0,155.0,157.0,158.0,132.0,133.0,123.0,126.0,106.0,116.0,91.0,93.0,91.0,68.0,69.0,49.0,31.0,42.0,32.0,12.0,11.0,7.0,6.0,0.0,0.0,0.0,0.0,0.0,0.0,0.0,0.0,0.0,0.0,0.0,0.0,0.0,0.0,0.0,0.0,26782
27,Canning (C),946.0,1090.0,1018.0,1031.0,999.0,1127.0,1114.0,998.0,1076.0,1113.0,1097.0,1100.0,1072.0,1118.0,959.0,1138.0,1152.0,1189.0,1297.0,1447.0,1709.0,1698.0,1713.0,1664.0,1507.0,1569.0,1613.0,1578.0,1524.0,1485.0,1514.0,1413.0,1422.0,1401.0,1416.0,1370.0,1266.0,1246.0,1204.0,1169.0,1147.0,1212.0,1149.0,1181.0,1226.0,1195.0,1224.0,1244.0,1127.0,1050.0,1104.0,1103.0,1063.0,1100.0,1040.0,1011.0,1077.0,1007.0,995.0,950.0,963.0,946.0,987.0,876.0,868.0,859.0,838.0,797.0,783.0,760.0,616.0,535.0,616.0,492.0,520.0,464.0,417.0,391.0,391.0,381.0,348.0,284.0,279.0,252.0,237.0,204.0,234.0,185.0,175.0,164.0,134.0,102.0,102.0,71.0,47.0,49.0,33.0,20.0,18.0,6.0,6.0,0.0,0.0,0.0,0.0,0.0,0.0,0.0,0.0,0.0,0.0,0.0,0.0,0.0,0.0,0.0,90187
28,Capel (S),204.0,252.0,261.0,239.0,248.0,263.0,272.0,245.0,311.0,330.0,297.0,295.0,300.0,321.0,315.0,328.0,308.0,332.0,256.0,199.0,168.0,146.0,161.0,169.0,152.0,165.0,150.0,195.0,174.0,185.0,189.0,190.0,188.0,227.0,215.0,175.0,197.0,243.0,241.0,241.0,251.0,247.0,272.0,303.0,300.0,291.0,291.0,304.0,270.0,249.0,255.0,241.0,281.0,243.0,240.0,208.0,196.0,235.0,193.0,208.0,185.0,189.0,161.0,141.0,178.0,192.0,136.0,133.0,161.0,169.0,122.0,106.0,94.0,100.0,84.0,71.0,66.0,62.0,50.0,40.0,36.0,35.0,32.0,32.0,25.0,26.0,21.0,16.0,7.0,15.0,7.0,5.0,4.0,0.0,0.0,0.0,0.0,0.0,0.0,0.0,0.0,0.0,0.0,0.0,0.0,0.0,0.0,0.0,0.0,0.0,0.0,0.0,0.0,0.0,0.0,0.0,17121
29,Carnamah (S),7.0,3.0,5.0,4.0,4.0,5.0,3.0,6.0,9.0,4.0,9.0,7.0,4.0,11.0,6.0,3.0,0.0,3.0,7.0,0.0,0.0,4.0,12.0,7.0,7.0,5.0,7.0,8.0,6.0,7.0,5.0,9.0,12.0,6.0,6.0,11.0,11.0,6.0,8.0,7.0,3.0,4.0,0.0,3.0,7.0,0.0,7.0,9.0,8.0,3.0,11.0,9.0,3.0,8.0,10.0,16.0,15.0,14.0,7.0,12.0,12.0,7.0,10.0,14.0,7.0,5.0,7.0,8.0,6.0,10.0,4.0,5.0,12.0,9.0,4.0,10.0,3.0,0.0,0.0,0.0,0.0,3.0,4.0,9.0,5.0,0.0,0.0,0.0,0.0,0.0,0.0,0.0,0.0,0.0,0.0,0.0,0.0,0.0,0.0,0.0,0.0,0.0,0.0,0.0,0.0,0.0,0.0,0.0,0.0,0.0,0.0,0.0,0.0,0.0,0.0,0.0,551
30,Carnarvon (S),57.0,77.0,72.0,72.0,63.0,86.0,85.0,69.0,90.0,82.0,108.0,72.0,62.0,57.0,80.0,44.0,66.0,43.0,52.0,62.0,62.0,55.0,73.0,51.0,66.0,74.0,82.0,70.0,82.0,84.0,100.0,76.0,61.0,71.0,62.0,56.0,88.0,57.0,87.0,70.0,59.0,67.0,59.0,71.0,87.0,90.0,80.0,71.0,109.0,74.0,71.0,91.0,90.0,92.0,78.0,62.0,87.0,68.0,80.0,88.0,88.0,68.0,62.0,74.0,79.0,61.0,52.0,55.0,55.0,57.0,50.0,31.0,38.0,47.0,41.0,36.0,34.0,30.0,17.0,39.0,12.0,17.0,17.0,10.0,9.0,13.0,15.0,9.0,11.0,7.0,0.0,0.0,7.0,0.0,0.0,0.0,3.0,0.0,0.0,0.0,0.0,0.0,0.0,0.0,0.0,0.0,0.0,0.0,0.0,0.0,0.0,0.0,0.0,0.0,0.0,0.0,5524
31,Chapman Valley (S),8.0,14.0,14.0,22.0,24.0,29.0,28.0,25.0,29.0,28.0,22.0,29.0,16.0,22.0,8.0,18.0,15.0,21.0,12.0,10.0,3.0,9.0,7.0,8.0,9.0,5.0,7.0,8.0,0.0,10.0,16.0,17.0,20.0,16.0,6.0,31.0,11.0,18.0,28.0,11.0,21.0,11.0,16.0,22.0,18.0,26.0,28.0,31.0,16.0,26.0,23.0,24.0,22.0,25.0,24.0,26.0,21.0,23.0,15.0,22.0,29.0,23.0,13.0,14.0,16.0,22.0,12.0,12.0,21.0,21.0,23.0,8.0,7.0,17.0,15.0,9.0,9.0,9.0,12.0,3.0,4.0,4.0,4.0,5.0,0.0,0.0,9.0,5.0,0.0,0.0,0.0,0.0,0.0,0.0,0.0,0.0,0.0,0.0,0.0,0.0,0.0,0.0,0.0,0.0,0.0,0.0,0.0,0.0,0.0,0.0,0.0,0.0,0.0,0.0,0.0,0.0,1416
32,Chittering (S),43.0,52.0,59.0,58.0,63.0,74.0,81.0,73.0,70.0,82.0,80.0,65.0,78.0,74.0,96.0,97.0,88.0,85.0,73.0,68.0,53.0,49.0,42.0,38.0,35.0,29.0,49.0,36.0,45.0,47.0,45.0,64.0,42.0,55.0,60.0,64.0,67.0,65.0,56.0,61.0,59.0,79.0,88.0,104.0,87.0,81.0,79.0,99.0,105.0,88.0,95.0,93.0,97.0,97.0,109.0,107.0,75.0,91.0,72.0,86.0,70.0,71.0,72.0,89.0,64.0,80.0,63.0,48.0,70.0,63.0,53.0,52.0,52.0,50.0,33.0,42.0,41.0,22.0,35.0,24.0,15.0,23.0,14.0,11.0,11.0,13.0,5.0,0.0,0.0,3.0,3.0,5.0,0.0,0.0,0.0,0.0,0.0,0.0,0.0,0.0,0.0,0.0,0.0,0.0,0.0,0.0,0.0,0.0,0.0,0.0,0.0,0.0,0.0,0.0,0.0,0.0,5474
33,Claremont (T),76.0,85.0,79.0,84.0,73.0,73.0,106.0,97.0,107.0,114.0,125.0,97.0,147.0,168.0,173.0,186.0,191.0,187.0,137.0,110.0,139.0,138.0,137.0,121.0,124.0,148.0,151.0,111.0,91.0,117.0,110.0,114.0,100.0,98.0,100.0,101.0,102.0,88.0,77.0,103.0,96.0,102.0,118.0,114.0,148.0,144.0,130.0,145.0,129.0,123.0,148.0,136.0,123.0,141.0,95.0,117.0,109.0,116.0,139.0,125.0,128.0,124.0,100.0,118.0,112.0,116.0,103.0,106.0,115.0,102.0,116.0,112.0,114.0,88.0,105.0,112.0,81.0,84.0,74.0,67.0,73.0,76.0,57.0,83.0,45.0,57.0,62.0,49.0,57.0,49.0,35.0,31.0,25.0,25.0,20.0,18.0,12.0,5.0,4.0,6.0,4.0,0.0,4.0,0.0,0.0,0.0,0.0,0.0,0.0,0.0,0.0,0.0,0.0,0.0,0.0,0.0,10055
34,Cockburn (C),1477.0,1550.0,1559.0,1532.0,1468.0,1498.0,1445.0,1416.0,1414.0,1407.0,1281.0,1242.0,1197.0,1208.0,1203.0,1263.0,1248.0,1294.0,1245.0,1348.0,1236.0,1360.0,1352.0,1399.0,1373.0,1432.0,1561.0,1587.0,1628.0,1709.0,1780.0,1741.0,1795.0,1820.0,1743.0,1734.0,1767.0,1719.0,1593.0,1652.0,1564.0,1550.0,1586.0,1596.0,1620.0,1701.0,1545.0,1494.0,1479.0,1367.0,1364.0,1341.0,1354.0,1345.0,1290.0,1267.0,1254.0,1144.0,1144.0,1091.0,1082.0,1057.0,1006.0,933.0,913.0,912.0,838.0,802.0,787.0,788.0,610.0,599.0,546.0,550.0,523.0,455.0,451.0,437.0,430.0,382.0,362.0,346.0,349.0,277.0,236.0,232.0,227.0,196.0,162.0,136.0,107.0,96.0,72.0,65.0,40.0,41.0,18.0,12.0,24.0,7.0,5.0,0.0,0.0,0.0,0.0,0.0,0.0,0.0,0.0,0.0,0.0,0.0,0.0,0.0,0.0,0.0,104472
35,Collie (S),97.0,111.0,98.0,92.0,125.0,110.0,117.0,122.0,108.0,121.0,136.0,117.0,103.0,110.0,102.0,114.0,126.0,125.0,92.0,106.0,109.0,103.0,97.0,98.0,100.0,97.0,100.0,88.0,102.0,113.0,98.0,107.0,102.0,100.0,88.0,100.0,98.0,103.0,87.0,82.0,101.0,93.0,77.0,107.0,118.0,129.0,108.0,138.0,114.0,106.0,115.0,123.0,136.0,123.0,123.0,142.0,128.0,155.0,109.0,127.0,159.0,139.0,135.0,102.0,123.0,123.0,122.0,117.0,134.0,95.0,108.0,74.0,86.0,58.0,64.0,60.0,46.0,47.0,40.0,33.0,53.0,36.0,35.0,42.0,35.0,30.0,14.0,23.0,14.0,5.0,15.0,8.0,8.0,11.0,5.0,3.0,5.0,0.0,0.0,0.0,0.0,0.0,0.0,0.0,0.0,0.0,0.0,0.0,0.0,0.0,0.0,0.0,0.0,0.0,0.0,0.0,8798
36,Coolgardie (S),50.0,69.0,68.0,59.0,47.0,51.0,61.0,47.0,48.0,56.0,41.0,43.0,70.0,57.0,58.0,60.0,48.0,61.0,28.0,28.0,33.0,34.0,44.0,44.0,41.0,72.0,62.0,67.0,50.0,56.0,60.0,66.0,56.0,66.0,53.0,53.0,48.0,54.0,57.0,31.0,47.0,38.0,47.0,64.0,45.0,49.0,72.0,47.0,64.0,73.0,50.0,48.0,52.0,46.0,47.0,64.0,55.0,34.0,36.0,32.0,42.0,40.0,32.0,35.0,45.0,41.0,30.0,18.0,27.0,24.0,19.0,15.0,9.0,16.0,25.0,7.0,14.0,10.0,4.0,4.0,9.0,12.0,6.0,6.0,0.0,0.0,0.0,0.0,0.0,0.0,0.0,0.0,0.0,0.0,0.0,0.0,0.0,0.0,0.0,0.0,0.0,0.0,0.0,0.0,0.0,0.0,0.0,0.0,0.0,0.0,0.0,0.0,0.0,0.0,0.0,0.0,3613
37,Coorow (S),12.0,12.0,4.0,3.0,7.0,5.0,12.0,11.0,16.0,11.0,11.0,14.0,0.0,6.0,8.0,12.0,10.0,7.0,6.0,5.0,3.0,6.0,4.0,11.0,9.0,17.0,13.0,10.0,10.0,16.0,6.0,7.0,7.0,7.0,4.0,4.0,7.0,9.0,11.0,15.0,15.0,11.0,11.0,7.0,15.0,15.0,11.0,9.0,14.0,21.0,12.0,17.0,28.0,11.0,11.0,16.0,37.0,20.0,27.0,24.0,26.0,19.0,27.0,19.0,24.0,26.0,19.0,22.0,20.0,15.0,17.0,8.0,20.0,19.0,15.0,7.0,10.0,5.0,0.0,7.0,5.0,9.0,3.0,4.0,5.0,0.0,0.0,4.0,0.0,0.0,0.0,0.0,0.0,0.0,0.0,0.0,0.0,0.0,0.0,0.0,0.0,0.0,0.0,0.0,0.0,0.0,0.0,0.0,0.0,0.0,0.0,0.0,0.0,0.0,0.0,0.0,1038
38,Corrigin (S),18.0,17.0,10.0,19.0,12.0,23.0,17.0,18.0,24.0,19.0,13.0,19.0,10.0,6.0,7.0,12.0,7.0,14.0,10.0,4.0,9.0,11.0,12.0,11.0,10.0,12.0,12.0,10.0,8.0,12.0,12.0,11.0,13.0,19.0,15.0,14.0,10.0,15.0,10.0,5.0,10.0,17.0,15.0,22.0,22.0,15.0,22.0,14.0,15.0,9.0,16.0,13.0,20.0,9.0,18.0,16.0,16.0,23.0,15.0,18.0,25.0,16.0,22.0,19.0,15.0,22.0,14.0,22.0,16.0,16.0,0.0,6.0,11.0,6.0,10.0,15.0,10.0,7.0,15.0,3.0,4.0,6.0,10.0,11.0,10.0,3.0,5.0,3.0,0.0,0.0,3.0,3.0,3.0,3.0,0.0,0.0,3.0,0.0,0.0,0.0,0.0,0.0,0.0,0.0,0.0,0.0,0.0,0.0,0.0,0.0,0.0,0.0,0.0,0.0,0.0,0.0,1147
39,Cottesloe (T),63.0,66.0,74.0,70.0,78.0,92.0,78.0,93.0,93.0,99.0,117.0,94.0,102.0,96.0,116.0,100.0,102.0,99.0,86.0,75.0,80.0,77.0,65.0,106.0,80.0,95.0,99.0,103.0,108.0,87.0,109.0,75.0,93.0,84.0,90.0,102.0,93.0,69.0,67.0,86.0,77.0,79.0,90.0,76.0,100.0,126.0,102.0,126.0,117.0,116.0,120.0,104.0,96.0,123.0,112.0,104.0,121.0,107.0,115.0,108.0,105.0,91.0,91.0,113.0,110.0,98.0,88.0,98.0,57.0,103.0,93.0,83.0,68.0,48.0,75.0,53.0,43.0,50.0,40.0,32.0,30.0,34.0,24.0,22.0,26.0,15.0,29.0,26.0,30.0,32.0,26.0,15.0,18.0,12.0,4.0,11.0,3.0,6.0,3.0,0.0,0.0,0.0,0.0,0.0,0.0,0.0,0.0,0.0,0.0,0.0,0.0,0.0,0.0,0.0,0.0,0.0,7594
40,Cranbrook (S),7.0,10.0,15.0,13.0,17.0,23.0,16.0,21.0,14.0,26.0,12.0,3.0,13.0,11.0,7.0,4.0,4.0,8.0,8.0,5.0,4.0,8.0,8.0,7.0,10.0,4.0,13.0,15.0,11.0,21.0,14.0,9.0,13.0,9.0,17.0,6.0,24.0,9.0,19.0,15.0,23.0,27.0,9.0,9.0,9.0,7.0,25.0,15.0,20.0,12.0,15.0,11.0,10.0,14.0,15.0,18.0,20.0,12.0,25.0,25.0,15.0,16.0,14.0,23.0,12.0,23.0,12.0,16.0,18.0,15.0,19.0,11.0,9.0,3.0,14.0,10.0,9.0,10.0,9.0,8.0,18.0,3.0,4.0,0.0,0.0,8.0,4.0,3.0,0.0,0.0,0.0,0.0,0.0,0.0,0.0,0.0,0.0,0.0,0.0,0.0,0.0,0.0,0.0,0.0,0.0,0.0,0.0,0.0,0.0,0.0,0.0,0.0,0.0,0.0,0.0,0.0,1084
41,Cuballing (S),7.0,6.0,7.0,4.0,12.0,13.0,9.0,12.0,13.0,16.0,12.0,11.0,7.0,9.0,4.0,4.0,6.0,6.0,12.0,4.0,8.0,3.0,8.0,7.0,7.0,9.0,3.0,11.0,19.0,6.0,0.0,9.0,18.0,10.0,8.0,10.0,8.0,8.0,8.0,7.0,3.0,5.0,14.0,17.0,10.0,8.0,16.0,10.0,10.0,8.0,6.0,11.0,20.0,15.0,16.0,15.0,11.0,13.0,5.0,13.0,10.0,13.0,14.0,19.0,21.0,15.0,19.0,9.0,14.0,19.0,11.0,15.0,8.0,8.0,12.0,0.0,8.0,17.0,3.0,7.0,0.0,4.0,4.0,0.0,0.0,4.0,3.0,0.0,0.0,0.0,0.0,0.0,0.0,0.0,0.0,0.0,0.0,0.0,0.0,0.0,0.0,0.0,0.0,0.0,0.0,0.0,0.0,0.0,0.0,0.0,0.0,0.0,0.0,0.0,0.0,0.0,864
42,Cue (S),0.0,8.0,0.0,6.0,0.0,0.0,3.0,0.0,0.0,3.0,0.0,0.0,0.0,0.0,0.0,0.0,0.0,0.0,0.0,0.0,0.0,0.0,0.0,4.0,6.0,4.0,0.0,9.0,4.0,0.0,3.0,0.0,0.0,0.0,0.0,3.0,0.0,3.0,0.0,0.0,0.0,0.0,4.0,7.0,0.0,0.0,0.0,4.0,0.0,4.0,5.0,0.0,0.0,0.0,3.0,3.0,8.0,4.0,0.0,0.0,6.0,11.0,3.0,3.0,8.0,4.0,5.0,0.0,4.0,5.0,9.0,3.0,3.0,0.0,0.0,0.0,0.0,0.0,0.0,6.0,0.0,0.0,0.0,0.0,0.0,0.0,0.0,0.0,0.0,0.0,0.0,0.0,0.0,0.0,0.0,0.0,0.0,0.0,0.0,0.0,0.0,0.0,0.0,0.0,0.0,0.0,0.0,0.0,0.0,0.0,0.0,0.0,0.0,0.0,0.0,0.0,192
43,Cunderdin (S),11.0,19.0,23.0,13.0,16.0,14.0,20.0,23.0,25.0,29.0,30.0,6.0,17.0,12.0,21.0,10.0,60.0,73.0,19.0,7.0,15.0,12.0,14.0,17.0,16.0,14.0,14.0,17.0,18.0,15.0,14.0,28.0,16.0,17.0,15.0,21.0,23.0,20.0,10.0,15.0,20.0,17.0,15.0,20.0,23.0,18.0,14.0,16.0,16.0,18.0,14.0,17.0,19.0,20.0,21.0,22.0,21.0,21.0,21.0,19.0,25.0,18.0,30.0,13.0,13.0,17.0,16.0,11.0,22.0,14.0,5.0,12.0,9.0,15.0,7.0,11.0,14.0,12.0,4.0,5.0,3.0,10.0,12.0,4.0,3.0,0.0,3.0,0.0,5.0,0.0,6.0,6.0,3.0,0.0,0.0,3.0,0.0,0.0,0.0,0.0,0.0,0.0,0.0,0.0,0.0,0.0,0.0,0.0,0.0,0.0,0.0,0.0,0.0,0.0,0.0,0.0,1456
44,Dalwallinu (S),22.0,16.0,24.0,27.0,14.0,26.0,30.0,28.0,17.0,20.0,14.0,14.0,11.0,18.0,7.0,14.0,5.0,8.0,12.0,12.0,16.0,11.0,21.0,19.0,13.0,22.0,20.0,26.0,26.0,20.0,20.0,14.0,11.0,33.0,23.0,28.0,21.0,24.0,23.0,16.0,16.0,9.0,21.0,15.0,25.0,14.0,22.0,11.0,14.0,14.0,20.0,15.0,21.0,24.0,27.0,22.0,19.0,15.0,35.0,15.0,21.0,18.0,9.0,22.0,20.0,12.0,16.0,10.0,9.0,4.0,17.0,16.0,6.0,4.0,9.0,15.0,6.0,0.0,5.0,7.0,14.0,7.0,7.0,7.0,8.0,12.0,5.0,5.0,4.0,9.0,0.0,0.0,0.0,0.0,0.0,0.0,0.0,0.0,0.0,0.0,0.0,0.0,0.0,0.0,0.0,0.0,0.0,0.0,0.0,0.0,0.0,0.0,0.0,0.0,0.0,0.0,1428
45,Dandaragan (S),30.0,42.0,35.0,36.0,43.0,36.0,36.0,30.0,33.0,40.0,32.0,33.0,23.0,26.0,16.0,30.0,25.0,21.0,24.0,22.0,13.0,25.0,27.0,23.0,24.0,37.0,36.0,29.0,43.0,34.0,45.0,36.0,44.0,28.0,25.0,29.0,37.0,42.0,33.0,28.0,33.0,39.0,38.0,46.0,50.0,51.0,42.0,48.0,32.0,35.0,57.0,40.0,60.0,40.0,66.0,49.0,50.0,57.0,49.0,48.0,41.0,59.0,56.0,58.0,66.0,58.0,48.0,53.0,65.0,57.0,38.0,44.0,46.0,40.0,28.0,35.0,19.0,28.0,33.0,13.0,24.0,19.0,12.0,15.0,8.0,19.0,4.0,3.0,8.0,0.0,3.0,0.0,0.0,0.0,0.0,0.0,0.0,0.0,0.0,0.0,0.0,0.0,0.0,0.0,0.0,0.0,0.0,0.0,0.0,0.0,0.0,0.0,0.0,0.0,0.0,0.0,3212
46,Dardanup (S),197.0,213.0,219.0,208.0,217.0,211.0,195.0,213.0,205.0,198.0,208.0,193.0,162.0,203.0,191.0,185.0,198.0,200.0,179.0,155.0,140.0,141.0,162.0,162.0,175.0,171.0,160.0,211.0,204.0,167.0,167.0,174.0,191.0,188.0,194.0,172.0,203.0,185.0,181.0,168.0,159.0,188.0,163.0,164.0,192.0,222.0,199.0,186.0,172.0,175.0,195.0,187.0,171.0,185.0,200.0,189.0,185.0,181.0,187.0,152.0,172.0,165.0,148.0,145.0,130.0,158.0,133.0,135.0,128.0,132.0,102.0,106.0,105.0,86.0,81.0,88.0,97.0,78.0,80.0,70.0,82.0,59.0,54.0,42.0,50.0,50.0,32.0,39.0,28.0,17.0,32.0,18.0,11.0,14.0,10.0,3.0,6.0,0.0,0.0,0.0,0.0,0.0,0.0,0.0,0.0,0.0,0.0,0.0,0.0,0.0,0.0,0.0,0.0,0.0,0.0,0.0,14028
47,Denmark (S),47.0,48.0,56.0,69.0,52.0,73.0,73.0,80.0,63.0,71.0,79.0,81.0,87.0,64.0,74.0,95.0,101.0,102.0,57.0,35.0,21.0,19.0,27.0,19.0,22.0,22.0,56.0,37.0,19.0,34.0,37.0,30.0,49.0,43.0,54.0,46.0,53.0,58.0,58.0,73.0,73.0,60.0,59.0,79.0,75.0,92.0,95.0,69.0,79.0,84.0,80.0,83.0,94.0,103.0,90.0,116.0,121.0,74.0,87.0,92.0,83.0,113.0,103.0,89.0,98.0,122.0,107.0,104.0,87.0,126.0,84.0,97.0,90.0,64.0,49.0,60.0,54.0,56.0,50.0,25.0,44.0,41.0,32.0,33.0,26.0,22.0,12.0,14.0,13.0,15.0,3.0,7.0,9.0,5.0,3.0,4.0,0.0,3.0,0.0,0.0,0.0,0.0,0.0,0.0,0.0,0.0,0.0,0.0,0.0,0.0,0.0,0.0,0.0,0.0,0.0,0.0,5850
48,Derby-West Kimberley (S),128.0,155.0,159.0,150.0,135.0,137.0,148.0,114.0,136.0,148.0,154.0,131.0,100.0,102.0,97.0,101.0,101.0,98.0,105.0,108.0,129.0,118.0,123.0,100.0,116.0,144.0,114.0,164.0,140.0,151.0,142.0,159.0,115.0,129.0,125.0,118.0,111.0,124.0,114.0,93.0,102.0,89.0,85.0,114.0,115.0,107.0,105.0,89.0,88.0,92.0,95.0,91.0,90.0,106.0,83.0,88.0,83.0,94.0,78.0,78.0,91.0,60.0,75.0,61.0,72.0,65.0,44.0,43.0,43.0,32.0,36.0,24.0,23.0,20.0,10.0,16.0,14.0,13.0,13.0,9.0,10.0,7.0,6.0,8.0,6.0,3.0,13.0,9.0,5.0,0.0,0.0,3.0,0.0,0.0,0.0,0.0,0.0,0.0,0.0,0.0,0.0,0.0,0.0,0.0,0.0,0.0,0.0,0.0,0.0,0.0,0.0,0.0,0.0,0.0,0.0,0.0,7728
49,Donnybrook-Balingup (S),61.0,60.0,64.0,60.0,74.0,67.0,75.0,74.0,60.0,87.0,71.0,78.0,79.0,69.0,71.0,68.0,84.0,78.0,49.0,37.0,39.0,42.0,35.0,48.0,34.0,46.0,47.0,67.0,34.0,50.0,73.0,53.0,48.0,45.0,63.0,59.0,55.0,60.0,44.0,65.0,66.0,80.0,71.0,89.0,75.0,85.0,72.0,92.0,70.0,74.0,81.0,94.0,94.0,87.0,90.0,98.0,98.0,98.0,94.0,109.0,110.0,115.0,115.0,105.0,83.0,110.0,89.0,74.0,70.0,97.0,79.0,85.0,57.0,71.0,58.0,47.0,40.0,56.0,30.0,30.0,25.0,31.0,18.0,22.0,17.0,18.0,21.0,14.0,7.0,5.0,5.0,6.0,10.0,3.0,7.0,10.0,0.0,0.0,0.0,0.0,0.0,0.0,0.0,3.0,0.0,0.0,0.0,0.0,0.0,0.0,0.0,0.0,0.0,0.0,0.0,0.0,5871
50,Dowerin (S),15.0,15.0,18.0,16.0,11.0,9.0,13.0,10.0,13.0,6.0,14.0,10.0,5.0,3.0,7.0,7.0,0.0,0.0,9.0,5.0,6.0,6.0,3.0,4.0,0.0,3.0,9.0,3.0,0.0,10.0,10.0,7.0,7.0,14.0,6.0,4.0,6.0,9.0,8.0,13.0,6.0,4.0,10.0,5.0,13.0,18.0,12.0,13.0,13.0,0.0,12.0,6.0,14.0,8.0,5.0,4.0,7.0,7.0,11.0,7.0,15.0,14.0,10.0,11.0,14.0,11.0,16.0,11.0,12.0,13.0,11.0,4.0,6.0,11.0,3.0,3.0,5.0,3.0,0.0,3.0,3.0,4.0,3.0,5.0,0.0,3.0,0.0,0.0,4.0,0.0,0.0,0.0,0.0,0.0,0.0,0.0,0.0,0.0,0.0,0.0,0.0,0.0,0.0,0.0,0.0,0.0,0.0,0.0,0.0,0.0,0.0,0.0,0.0,0.0,0.0,0.0,693
51,Dumbleyung (S),14.0,17.0,13.0,9.0,10.0,7.0,15.0,9.0,10.0,9.0,7.0,11.0,4.0,0.0,0.0,0.0,6.0,3.0,3.0,4.0,6.0,3.0,0.0,3.0,4.0,9.0,13.0,13.0,3.0,7.0,13.0,9.0,7.0,14.0,11.0,8.0,8.0,7.0,3.0,6.0,15.0,5.0,13.0,3.0,10.0,11.0,0.0,5.0,7.0,3.0,10.0,9.0,9.0,13.0,9.0,16.0,13.0,23.0,4.0,20.0,4.0,15.0,6.0,15.0,9.0,7.0,8.0,4.0,8.0,13.0,4.0,5.0,0.0,3.0,0.0,9.0,12.0,3.0,9.0,5.0,0.0,4.0,0.0,0.0,0.0,3.0,0.0,0.0,0.0,0.0,0.0,0.0,3.0,0.0,0.0,0.0,0.0,0.0,0.0,0.0,0.0,0.0,0.0,0.0,0.0,0.0,0.0,0.0,0.0,0.0,0.0,0.0,0.0,0.0,0.0,0.0,673
52,Dundas (S),3.0,4.0,9.0,0.0,3.0,3.0,11.0,16.0,3.0,11.0,8.0,6.0,9.0,6.0,7.0,0.0,6.0,5.0,7.0,11.0,3.0,0.0,6.0,11.0,7.0,16.0,17.0,12.0,15.0,10.0,8.0,9.0,11.0,8.0,5.0,6.0,8.0,12.0,3.0,6.0,0.0,10.0,7.0,3.0,15.0,17.0,15.0,18.0,16.0,11.0,14.0,9.0,14.0,17.0,12.0,16.0,14.0,19.0,17.0,9.0,25.0,10.0,10.0,9.0,19.0,13.0,17.0,6.0,6.0,4.0,5.0,15.0,11.0,7.0,7.0,5.0,9.0,4.0,4.0,0.0,0.0,6.0,0.0,0.0,0.0,0.0,0.0,0.0,0.0,0.0,5.0,0.0,0.0,0.0,0.0,0.0,0.0,0.0,0.0,0.0,0.0,0.0,0.0,0.0,0.0,0.0,0.0,0.0,0.0,0.0,0.0,0.0,0.0,0.0,0.0,0.0,767
53,East Fremantle (T),60.0,68.0,66.0,64.0,86.0,79.0,96.0,104.0,107.0,100.0,118.0,99.0,98.0,98.0,103.0,91.0,89.0,79.0,95.0,76.0,92.0,88.0,84.0,77.0,69.0,58.0,84.0,69.0,65.0,83.0,57.0,86.0,70.0,73.0,64.0,100.0,91.0,77.0,93.0,81.0,78.0,116.0,104.0,111.0,115.0,150.0,119.0,134.0,119.0,107.0,135.0,115.0,109.0,121.0,131.0,121.0,110.0,127.0,95.0,98.0,108.0,99.0,100.0,116.0,80.0,77.0,87.0,75.0,50.0,98.0,60.0,54.0,59.0,49.0,50.0,36.0,33.0,50.0,41.0,40.0,36.0,45.0,30.0,38.0,29.0,27.0,22.0,20.0,12.0,22.0,6.0,12.0,9.0,9.0,5.0,5.0,9.0,3.0,0.0,0.0,0.0,0.0,0.0,0.0,0.0,0.0,0.0,0.0,0.0,0.0,0.0,0.0,0.0,0.0,0.0,0.0,7375
54,East Pilbara (S),98.0,145.0,132.0,139.0,98.0,126.0,113.0,109.0,114.0,111.0,103.0,73.0,88.0,75.0,95.0,77.0,80.0,58.0,50.0,58.0,97.0,112.0,128.0,172.0,161.0,227.0,252.0,290.0,324.0,309.0,320.0,327.0,291.0,308.0,268.0,267.0,221.0,242.0,229.0,220.0,197.0,194.0,228.0,197.0,196.0,190.0,198.0,152.0,184.0,155.0,162.0,157.0,168.0,164.0,151.0,187.0,130.0,132.0,92.0,63.0,102.0,64.0,81.0,56.0,41.0,34.0,26.0,28.0,17.0,22.0,20.0,12.0,13.0,9.0,8.0,10.0,4.0,4.0,0.0,5.0,3.0,0.0,4.0,0.0,0.0,0.0,0.0,0.0,0.0,0.0,0.0,0.0,0.0,0.0,0.0,0.0,0.0,0.0,0.0,0.0,0.0,0.0,0.0,0.0,0.0,0.0,0.0,0.0,0.0,0.0,0.0,0.0,0.0,0.0,0.0,0.0,10591
55,Esperance (S),165.0,185.0,180.0,211.0,177.0,189.0,200.0,186.0,212.0,221.0,217.0,182.0,219.0,197.0,204.0,225.0,229.0,235.0,187.0,136.0,146.0,141.0,128.0,126.0,178.0,156.0,156.0,159.0,159.0,191.0,148.0,156.0,171.0,174.0,159.0,142.0,162.0,171.0,159.0,160.0,172.0,195.0,186.0,182.0,218.0,202.0,200.0,206.0,208.0,200.0,217.0,226.0,215.0,221.0,199.0,214.0,199.0,174.0,216.0,163.0,158.0,169.0,177.0,145.0,173.0,150.0,119.0,173.0,162.0,154.0,118.0,123.0,120.0,127.0,100.0,96.0,100.0,75.0,86.0,84.0,64.0,65.0,49.0,48.0,33.0,49.0,45.0,39.0,19.0,26.0,18.0,14.0,4.0,10.0,6.0,8.0,3.0,0.0,3.0,6.0,0.0,0.0,0.0,0.0,0.0,0.0,0.0,0.0,0.0,0.0,0.0,0.0,0.0,0.0,0.0,0.0,14238
56,Exmouth (S),38.0,38.0,44.0,43.0,37.0,39.0,41.0,42.0,29.0,30.0,48.0,40.0,40.0,32.0,28.0,39.0,36.0,18.0,12.0,26.0,22.0,20.0,22.0,28.0,36.0,35.0,39.0,34.0,33.0,41.0,56.0,37.0,50.0,43.0,47.0,50.0,51.0,42.0,47.0,39.0,62.0,35.0,48.0,40.0,39.0,49.0,52.0,38.0,42.0,29.0,38.0,40.0,46.0,32.0,35.0,29.0,38.0,35.0,34.0,46.0,30.0,36.0,31.0,31.0,19.0,32.0,32.0,32.0,28.0,33.0,24.0,15.0,14.0,12.0,18.0,11.0,13.0,7.0,4.0,0.0,3.0,3.0,6.0,4.0,4.0,0.0,0.0,5.0,0.0,0.0,0.0,0.0,0.0,0.0,0.0,0.0,0.0,0.0,0.0,0.0,0.0,0.0,0.0,0.0,0.0,0.0,0.0,0.0,0.0,0.0,0.0,0.0,0.0,0.0,0.0,0.0,2727
57,Fremantle (C),297.0,325.0,332.0,302.0,251.0,245.0,257.0,301.0,280.0,267.0,257.0,247.0,249.0,248.0,249.0,249.0,267.0,263.0,266.0,288.0,284.0,268.0,287.0,355.0,351.0,387.0,397.0,431.0,515.0,442.0,509.0,488.0,484.0,461.0,460.0,460.0,394.0,390.0,393.0,388.0,386.0,416.0,342.0,416.0,432.0,466.0,409.0,408.0,446.0,355.0,388.0,424.0,394.0,457.0,462.0,431.0,407.0,395.0,414.0,393.0,368.0,366.0,355.0,365.0,390.0,322.0,353.0,334.0,347.0,288.0,260.0,263.0,225.0,176.0,236.0,233.0,178.0,191.0,183.0,162.0,166.0,146.0,130.0,162.0,115.0,112.0,117.0,85.0,98.0,64.0,68.0,54.0,44.0,36.0,25.0,11.0,12.0,11.0,0.0,3.0,4.0,0.0,0.0,0.0,0.0,0.0,0.0,0.0,0.0,0.0,0.0,0.0,0.0,0.0,0.0,0.0,28893
58,Gingin (S),45.0,54.0,55.0,52.0,47.0,59.0,59.0,58.0,66.0,63.0,84.0,67.0,57.0,62.0,66.0,60.0,47.0,49.0,50.0,36.0,48.0,43.0,34.0,31.0,41.0,43.0,76.0,60.0,46.0,49.0,55.0,42.0,52.0,37.0,46.0,48.0,60.0,58.0,53.0,52.0,40.0,51.0,72.0,63.0,76.0,77.0,62.0,73.0,63.0,83.0,95.0,73.0,62.0,76.0,76.0,82.0,69.0,82.0,82.0,86.0,86.0,90.0,72.0,87.0,121.0,103.0,97.0,91.0,99.0,102.0,75.0,70.0,66.0,47.0,47.0,51.0,53.0,57.0,47.0,25.0,33.0,21.0,21.0,23.0,20.0,17.0,9.0,8.0,10.0,11.0,4.0,0.0,6.0,5.0,0.0,0.0,0.0,0.0,0.0,0.0,0.0,0.0,0.0,0.0,0.0,0.0,0.0,0.0,0.0,0.0,0.0,0.0,0.0,0.0,0.0,0.0,5218
59,Gnowangerup (S),17.0,15.0,21.0,25.0,12.0,25.0,16.0,16.0,18.0,18.0,17.0,22.0,9.0,9.0,9.0,7.0,6.0,9.0,7.0,12.0,12.0,17.0,15.0,16.0,11.0,21.0,16.0,15.0,15.0,25.0,21.0,13.0,17.0,25.0,9.0,9.0,14.0,12.0,15.0,10.0,21.0,10.0,16.0,16.0,20.0,23.0,14.0,21.0,15.0,17.0,13.0,13.0,17.0,22.0,18.0,18.0,19.0,26.0,12.0,21.0,29.0,22.0,23.0,17.0,18.0,18.0,9.0,17.0,16.0,8.0,12.0,9.0,10.0,9.0,9.0,5.0,9.0,4.0,5.0,3.0,0.0,0.0,0.0,3.0,0.0,4.0,0.0,0.0,6.0,0.0,0.0,0.0,0.0,0.0,0.0,0.0,0.0,0.0,0.0,0.0,0.0,0.0,0.0,0.0,0.0,0.0,0.0,0.0,0.0,0.0,0.0,0.0,0.0,0.0,0.0,0.0,1219
60,Goomalling (S),13.0,14.0,11.0,17.0,17.0,18.0,16.0,13.0,21.0,17.0,16.0,10.0,10.0,11.0,12.0,13.0,3.0,8.0,11.0,13.0,6.0,10.0,3.0,7.0,9.0,7.0,9.0,9.0,8.0,9.0,14.0,13.0,17.0,19.0,9.0,8.0,15.0,0.0,13.0,16.0,13.0,8.0,16.0,11.0,18.0,27.0,11.0,21.0,14.0,9.0,15.0,15.0,12.0,6.0,17.0,23.0,15.0,11.0,13.0,20.0,15.0,15.0,11.0,19.0,17.0,18.0,17.0,17.0,5.0,18.0,4.0,10.0,9.0,12.0,5.0,13.0,11.0,5.0,6.0,3.0,7.0,10.0,5.0,3.0,0.0,6.0,5.0,3.0,4.0,0.0,3.0,5.0,0.0,0.0,0.0,0.0,3.0,0.0,0.0,0.0,0.0,0.0,0.0,0.0,0.0,0.0,0.0,0.0,0.0,0.0,0.0,0.0,0.0,0.0,0.0,0.0,1036
61,Gosnells (C),1603.0,1781.0,1703.0,1850.0,1770.0,1766.0,1654.0,1719.0,1626.0,1641.0,1578.0,1544.0,1548.0,1451.0,1423.0,1489.0,1550.0,1538.0,1601.0,1533.0,1656.0,1655.0,1640.0,1692.0,1564.0,1733.0,1770.0,1776.0,1816.0,1886.0,1995.0,1965.0,2008.0,2123.0,2121.0,1961.0,1908.0,1835.0,1783.0,1711.0,1650.0,1697.0,1646.0,1616.0,1778.0,1694.0,1564.0,1596.0,1480.0,1487.0,1441.0,1453.0,1365.0,1430.0,1392.0,1296.0,1329.0,1181.0,1217.0,1165.0,1223.0,1224.0,1147.0,1114.0,1087.0,1028.0,985.0,994.0,947.0,993.0,774.0,707.0,677.0,600.0,567.0,567.0,547.0,517.0,469.0,411.0,394.0,344.0,320.0,285.0,245.0,282.0,202.0,155.0,175.0,120.0,118.0,101.0,65.0,53.0,52.0,41.0,29.0,11.0,10.0,11.0,3.0,0.0,0.0,0.0,0.0,0.0,0.0,0.0,0.0,0.0,0.0,0.0,0.0,0.0,0.0,0.0,118073
62,Greater Geraldton (C),499.0,532.0,488.0,537.0,522.0,526.0,544.0,559.0,556.0,540.0,581.0,544.0,519.0,546.0,537.0,581.0,591.0,559.0,486.0,467.0,433.0,435.0,420.0,442.0,475.0,417.0,457.0,481.0,493.0,443.0,487.0,490.0,484.0,476.0,476.0,472.0,474.0,471.0,452.0,447.0,469.0,541.0,477.0,531.0,596.0,595.0,615.0,587.0,566.0,528.0,534.0,523.0,589.0,572.0,527.0,544.0,526.0,494.0,520.0,473.0,487.0,454.0,401.0,410.0,432.0,390.0,392.0,355.0,351.0,408.0,274.0,296.0,285.0,254.0,248.0,217.0,210.0,239.0,211.0,192.0,168.0,150.0,163.0,137.0,128.0,116.0,111.0,70.0,62.0,57.0,37.0,44.0,27.0,30.0,26.0,17.0,10.0,0.0,3.0,3.0,4.0,0.0,0.0,5.0,0.0,0.0,0.0,0.0,0.0,0.0,0.0,0.0,0.0,0.0,0.0,0.0,38632
63,Halls Creek (S),55.0,59.0,48.0,86.0,55.0,64.0,47.0,61.0,62.0,51.0,63.0,53.0,70.0,57.0,40.0,55.0,67.0,28.0,63.0,48.0,55.0,50.0,61.0,61.0,48.0,72.0,76.0,63.0,50.0,65.0,69.0,59.0,56.0,62.0,40.0,43.0,47.0,41.0,51.0,40.0,43.0,48.0,31.0,34.0,54.0,38.0,26.0,40.0,26.0,32.0,39.0,24.0,31.0,38.0,40.0,34.0,21.0,32.0,34.0,35.0,26.0,20.0,29.0,25.0,19.0,12.0,22.0,15.0,18.0,13.0,14.0,14.0,7.0,3.0,4.0,5.0,11.0,4.0,6.0,0.0,4.0,0.0,0.0,6.0,0.0,0.0,0.0,0.0,0.0,0.0,0.0,0.0,0.0,0.0,0.0,0.0,0.0,0.0,0.0,0.0,0.0,0.0,0.0,0.0,0.0,0.0,0.0,0.0,0.0,0.0,0.0,0.0,0.0,0.0,0.0,0.0,3267
64,Harvey (S),340.0,383.0,336.0,381.0,379.0,349.0,424.0,422.0,402.0,448.0,422.0,422.0,395.0,378.0,411.0,391.0,411.0,442.0,314.0,305.0,235.0,258.0,209.0,228.0,263.0,271.0,303.0,253.0,255.0,332.0,359.0,323.0,373.0,331.0,350.0,358.0,325.0,325.0,324.0,374.0,335.0,324.0,386.0,357.0,436.0,403.0,380.0,340.0,386.0,403.0,417.0,365.0,385.0,341.0,329.0,400.0,317.0,343.0,386.0,340.0,353.0,320.0,312.0,299.0,275.0,277.0,289.0,305.0,284.0,307.0,208.0,194.0,214.0,149.0,192.0,156.0,155.0,130.0,127.0,126.0,113.0,98.0,62.0,68.0,58.0,53.0,51.0,29.0,33.0,31.0,30.0,12.0,15.0,12.0,8.0,3.0,0.0,0.0,0.0,3.0,0.0,0.0,0.0,0.0,0.0,0.0,0.0,0.0,0.0,0.0,0.0,0.0,0.0,0.0,0.0,0.0,26549
65,Irwin (S),27.0,32.0,31.0,30.0,42.0,45.0,31.0,51.0,50.0,62.0,42.0,45.0,51.0,35.0,50.0,47.0,42.0,43.0,32.0,26.0,23.0,18.0,24.0,13.0,30.0,19.0,26.0,18.0,21.0,33.0,30.0,34.0,32.0,51.0,31.0,36.0,30.0,33.0,31.0,32.0,50.0,40.0,39.0,46.0,39.0,47.0,45.0,42.0,38.0,40.0,41.0,66.0,63.0,61.0,49.0,42.0,46.0,56.0,46.0,60.0,74.0,61.0,71.0,53.0,71.0,55.0,74.0,58.0,65.0,57.0,58.0,47.0,48.0,44.0,61.0,27.0,34.0,36.0,35.0,36.0,22.0,23.0,22.0,13.0,13.0,17.0,14.0,13.0,8.0,12.0,7.0,7.0,9.0,0.0,6.0,4.0,0.0,0.0,0.0,0.0,0.0,0.0,0.0,0.0,0.0,0.0,0.0,0.0,0.0,0.0,0.0,0.0,0.0,0.0,0.0,0.0,3569
66,Jerramungup (S),23.0,10.0,18.0,15.0,13.0,12.0,17.0,18.0,20.0,21.0,17.0,16.0,9.0,8.0,3.0,11.0,0.0,4.0,3.0,8.0,5.0,4.0,9.0,11.0,10.0,13.0,9.0,16.0,9.0,11.0,16.0,21.0,23.0,22.0,16.0,13.0,9.0,22.0,11.0,12.0,17.0,10.0,9.0,13.0,4.0,21.0,14.0,12.0,16.0,24.0,15.0,18.0,18.0,22.0,17.0,28.0,18.0,25.0,17.0,22.0,22.0,18.0,6.0,16.0,16.0,16.0,13.0,6.0,16.0,10.0,7.0,13.0,3.0,8.0,9.0,3.0,6.0,7.0,3.0,6.0,4.0,9.0,0.0,0.0,0.0,0.0,4.0,0.0,0.0,0.0,0.0,0.0,0.0,0.0,0.0,0.0,0.0,0.0,0.0,0.0,0.0,0.0,0.0,0.0,0.0,0.0,0.0,0.0,0.0,0.0,0.0,0.0,0.0,0.0,0.0,0.0,1106
67,Joondalup (C),1595.0,1680.0,1782.0,1815.0,1890.0,1967.0,2154.0,2038.0,2133.0,2189.0,2071.0,2114.0,2076.0,2017.0,2001.0,2086.0,2096.0,2245.0,2061.0,2251.0,2107.0,2071.0,1993.0,1878.0,1808.0,1704.0,1644.0,1656.0,1576.0,1752.0,1708.0,1729.0,1814.0,1731.0,1963.0,1949.0,1896.0,1849.0,1957.0,2020.0,2160.0,2090.0,2149.0,2293.0,2413.0,2591.0,2434.0,2405.0,2272.0,2238.0,2205.0,2265.0,2355.0,2378.0,2359.0,2311.0,2249.0,2268.0,2078.0,2187.0,2081.0,1991.0,1980.0,1885.0,1866.0,1842.0,1775.0,1684.0,1594.0,1696.0,1261.0,1136.0,1103.0,898.0,837.0,778.0,700.0,641.0,582.0,558.0,523.0,508.0,475.0,439.0,448.0,380.0,376.0,279.0,255.0,233.0,195.0,187.0,136.0,108.0,79.0,54.0,46.0,23.0,13.0,16.0,9.0,5.0,0.0,4.0,0.0,0.0,0.0,0.0,0.0,0.0,0.0,0.0,0.0,0.0,0.0,0.0,154443
68,Kalamunda (S),647.0,717.0,708.0,696.0,752.0,771.0,785.0,765.0,796.0,770.0,797.0,753.0,717.0,761.0,732.0,787.0,865.0,829.0,721.0,705.0,667.0,719.0,649.0,613.0,660.0,598.0,633.0,709.0,688.0,715.0,710.0,705.0,764.0,811.0,746.0,791.0,748.0,747.0,751.0,728.0,811.0,740.0,800.0,779.0,784.0,830.0,855.0,801.0,781.0,805.0,744.0,792.0,756.0,804.0,801.0,790.0,747.0,699.0,716.0,646.0,694.0,645.0,642.0,664.0,681.0,652.0,675.0,620.0,670.0,632.0,468.0,475.0,477.0,438.0,445.0,361.0,376.0,339.0,321.0,316.0,269.0,260.0,248.0,213.0,220.0,174.0,123.0,125.0,101.0,77.0,65.0,60.0,43.0,38.0,31.0,23.0,16.0,7.0,8.0,6.0,4.0,0.0,0.0,0.0,0.0,0.0,0.0,0.0,0.0,0.0,0.0,0.0,0.0,0.0,0.0,0.0,57451
69,Kalgoorlie/Boulder (C),523.0,547.0,507.0,490.0,496.0,470.0,467.0,486.0,488.0,484.0,430.0,376.0,353.0,375.0,397.0,400.0,387.0,353.0,363.0,302.0,331.0,391.0,403.0,446.0,468.0,482.0,545.0,468.0,556.0,553.0,552.0,563.0,528.0,563.0,512.0,456.0,482.0,475.0,395.0,460.0,422.0,443.0,463.0,436.0,501.0,436.0,455.0,491.0,401.0,380.0,383.0,414.0,416.0,410.0,410.0,451.0,391.0,355.0,357.0,316.0,290.0,249.0,259.0,242.0,252.0,192.0,182.0,187.0,172.0,152.0,107.0,109.0,103.0,73.0,105.0,89.0,88.0,59.0,62.0,37.0,40.0,48.0,45.0,45.0,42.0,28.0,17.0,22.0,24.0,13.0,11.0,8.0,7.0,8.0,9.0,0.0,3.0,4.0,3.0,0.0,0.0,0.0,0.0,0.0,0.0,0.0,0.0,0.0,0.0,0.0,0.0,0.0,0.0,0.0,0.0,0.0,30053
70,Karratha (C),373.0,416.0,430.0,399.0,408.0,414.0,343.0,407.0,348.0,345.0,358.0,320.0,261.0,231.0,242.0,259.0,263.0,230.0,166.0,181.0,185.0,241.0,243.0,305.0,351.0,381.0,379.0,415.0,436.0,465.0,540.0,515.0,517.0,455.0,493.0,438.0,443.0,395.0,378.0,393.0,357.0,379.0,425.0,392.0,382.0,361.0,337.0,346.0,310.0,289.0,248.0,257.0,293.0,304.0,265.0,244.0,233.0,203.0,173.0,155.0,161.0,140.0,135.0,100.0,96.0,91.0,64.0,53.0,61.0,38.0,28.0,20.0,26.0,25.0,20.0,15.0,19.0,9.0,10.0,10.0,13.0,3.0,3.0,4.0,5.0,4.0,5.0,0.0,6.0,3.0,0.0,0.0,0.0,0.0,0.0,0.0,0.0,0.0,0.0,0.0,0.0,0.0,0.0,0.0,0.0,0.0,0.0,0.0,0.0,0.0,0.0,0.0,0.0,0.0,0.0,0.0,21472
71,Katanning (S),47.0,38.0,56.0,44.0,65.0,67.0,58.0,68.0,63.0,53.0,71.0,45.0,61.0,41.0,47.0,40.0,40.0,54.0,41.0,56.0,56.0,47.0,59.0,33.0,46.0,56.0,68.0,47.0,58.0,43.0,52.0,42.0,50.0,44.0,46.0,42.0,54.0,61.0,48.0,51.0,46.0,39.0,47.0,52.0,64.0,63.0,42.0,44.0,36.0,57.0,66.0,80.0,50.0,73.0,58.0,65.0,50.0,50.0,70.0,40.0,65.0,55.0,69.0,53.0,40.0,38.0,42.0,45.0,41.0,46.0,45.0,39.0,30.0,36.0,26.0,29.0,20.0,41.0,22.0,24.0,17.0,33.0,16.0,13.0,18.0,10.0,14.0,14.0,11.0,6.0,11.0,3.0,13.0,0.0,0.0,0.0,0.0,0.0,0.0,0.0,0.0,0.0,0.0,0.0,0.0,0.0,0.0,0.0,0.0,0.0,0.0,0.0,0.0,0.0,0.0,0.0,4150
72,Kellerberrin (S),11.0,6.0,18.0,13.0,14.0,15.0,13.0,11.0,12.0,25.0,24.0,18.0,12.0,14.0,12.0,15.0,14.0,12.0,11.0,5.0,7.0,10.0,11.0,9.0,5.0,18.0,10.0,10.0,10.0,11.0,15.0,11.0,7.0,11.0,16.0,15.0,13.0,7.0,12.0,8.0,16.0,8.0,13.0,10.0,21.0,11.0,18.0,27.0,19.0,23.0,17.0,22.0,18.0,28.0,24.0,13.0,17.0,19.0,23.0,19.0,13.0,8.0,9.0,20.0,22.0,22.0,18.0,20.0,12.0,11.0,12.0,15.0,14.0,6.0,24.0,12.0,14.0,10.0,16.0,13.0,14.0,6.0,17.0,8.0,6.0,4.0,6.0,10.0,3.0,0.0,0.0,4.0,7.0,0.0,0.0,4.0,0.0,0.0,0.0,0.0,0.0,0.0,0.0,0.0,0.0,0.0,0.0,0.0,0.0,0.0,0.0,0.0,0.0,0.0,0.0,0.0,1224
73,Kent (S),13.0,9.0,13.0,8.0,11.0,10.0,7.0,12.0,8.0,5.0,8.0,13.0,8.0,4.0,4.0,0.0,9.0,0.0,5.0,3.0,0.0,0.0,5.0,4.0,0.0,5.0,6.0,9.0,0.0,6.0,5.0,3.0,11.0,12.0,6.0,5.0,23.0,7.0,11.0,12.0,9.0,15.0,15.0,10.0,4.0,9.0,13.0,7.0,9.0,4.0,9.0,8.0,7.0,5.0,19.0,3.0,6.0,4.0,3.0,17.0,11.0,3.0,4.0,8.0,9.0,9.0,7.0,8.0,9.0,4.0,4.0,0.0,3.0,3.0,8.0,7.0,0.0,0.0,0.0,3.0,0.0,0.0,0.0,0.0,0.0,0.0,0.0,0.0,0.0,0.0,0.0,0.0,0.0,0.0,0.0,0.0,0.0,0.0,0.0,0.0,0.0,0.0,0.0,0.0,0.0,0.0,0.0,0.0,0.0,0.0,0.0,0.0,0.0,0.0,0.0,0.0,563
74,Kojonup (S),27.0,30.0,32.0,31.0,31.0,43.0,37.0,33.0,28.0,34.0,27.0,24.0,13.0,21.0,9.0,8.0,11.0,12.0,15.0,19.0,13.0,15.0,20.0,9.0,13.0,13.0,23.0,18.0,9.0,23.0,42.0,20.0,36.0,21.0,22.0,26.0,16.0,18.0,25.0,29.0,16.0,25.0,16.0,18.0,29.0,28.0,32.0,23.0,34.0,28.0,32.0,31.0,20.0,37.0,43.0,35.0,21.0,21.0,31.0,29.0,37.0,29.0,24.0,26.0,30.0,21.0,18.0,36.0,16.0,25.0,20.0,20.0,9.0,22.0,21.0,13.0,18.0,21.0,18.0,9.0,20.0,9.0,11.0,11.0,12.0,9.0,7.0,8.0,7.0,4.0,5.0,3.0,4.0,0.0,3.0,0.0,3.0,0.0,0.0,0.0,0.0,0.0,0.0,0.0,0.0,0.0,0.0,0.0,0.0,0.0,0.0,0.0,0.0,0.0,0.0,0.0,1981
75,Kondinin (S),19.0,15.0,9.0,11.0,10.0,12.0,8.0,13.0,9.0,17.0,12.0,21.0,8.0,0.0,3.0,8.0,5.0,8.0,3.0,4.0,0.0,4.0,3.0,6.0,8.0,9.0,12.0,12.0,7.0,10.0,14.0,19.0,14.0,10.0,11.0,9.0,10.0,11.0,9.0,13.0,17.0,13.0,10.0,18.0,15.0,17.0,8.0,22.0,16.0,18.0,7.0,6.0,11.0,12.0,10.0,20.0,6.0,17.0,20.0,14.0,12.0,17.0,8.0,7.0,13.0,13.0,16.0,8.0,10.0,15.0,5.0,6.0,6.0,5.0,10.0,7.0,4.0,4.0,8.0,4.0,0.0,5.0,0.0,3.0,0.0,3.0,0.0,0.0,0.0,0.0,0.0,0.0,0.0,0.0,0.0,0.0,0.0,0.0,0.0,0.0,0.0,0.0,0.0,0.0,0.0,0.0,0.0,0.0,0.0,0.0,0.0,0.0,0.0,0.0,0.0,0.0,875
76,Koorda (S),10.0,5.0,8.0,7.0,0.0,8.0,4.0,11.0,3.0,8.0,6.0,6.0,0.0,3.0,3.0,0.0,5.0,0.0,3.0,4.0,4.0,0.0,0.0,3.0,0.0,4.0,3.0,0.0,0.0,3.0,0.0,6.0,0.0,10.0,7.0,0.0,3.0,8.0,3.0,3.0,8.0,6.0,7.0,5.0,3.0,8.0,3.0,9.0,5.0,6.0,7.0,4.0,3.0,14.0,5.0,8.0,8.0,8.0,6.0,6.0,10.0,8.0,5.0,6.0,12.0,8.0,8.0,3.0,7.0,9.0,3.0,3.0,0.0,8.0,4.0,4.0,3.0,3.0,0.0,5.0,0.0,0.0,3.0,4.0,4.0,3.0,4.0,0.0,0.0,3.0,0.0,0.0,0.0,0.0,0.0,0.0,0.0,0.0,0.0,0.0,0.0,0.0,0.0,0.0,0.0,0.0,0.0,0.0,0.0,0.0,0.0,0.0,0.0,0.0,0.0,0.0,415
77,Kulin (S),11.0,10.0,15.0,11.0,11.0,17.0,9.0,13.0,12.0,6.0,13.0,8.0,7.0,4.0,3.0,0.0,0.0,7.0,8.0,10.0,3.0,4.0,4.0,9.0,11.0,7.0,3.0,7.0,8.0,9.0,8.0,10.0,12.0,5.0,8.0,19.0,9.0,11.0,10.0,13.0,7.0,16.0,6.0,7.0,17.0,13.0,18.0,11.0,4.0,14.0,11.0,23.0,16.0,19.0,5.0,10.0,6.0,9.0,9.0,10.0,9.0,15.0,8.0,16.0,10.0,18.0,11.0,5.0,8.0,17.0,0.0,4.0,3.0,3.0,13.0,7.0,5.0,0.0,8.0,3.0,10.0,3.0,3.0,6.0,0.0,0.0,0.0,0.0,0.0,0.0,4.0,5.0,0.0,0.0,0.0,4.0,0.0,0.0,0.0,0.0,0.0,0.0,0.0,0.0,0.0,0.0,0.0,0.0,0.0,0.0,0.0,0.0,0.0,0.0,0.0,0.0,764
78,Kwinana (C),695.0,699.0,647.0,697.0,659.0,645.0,593.0,550.0,578.0,581.0,528.0,450.0,463.0,465.0,440.0,443.0,412.0,462.0,476.0,505.0,520.0,531.0,604.0,577.0,643.0,574.0,733.0,694.0,770.0,775.0,789.0,828.0,831.0,821.0,761.0,717.0,636.0,619.0,602.0,597.0,576.0,577.0,503.0,569.0,561.0,512.0,519.0,529.0,515.0,475.0,463.0,433.0,418.0,427.0,347.0,389.0,386.0,363.0,321.0,337.0,316.0,306.0,314.0,303.0,272.0,243.0,249.0,272.0,263.0,226.0,185.0,190.0,194.0,157.0,178.0,147.0,134.0,133.0,127.0,117.0,95.0,99.0,98.0,72.0,77.0,63.0,58.0,30.0,38.0,30.0,33.0,17.0,12.0,8.0,8.0,5.0,4.0,4.0,0.0,0.0,0.0,0.0,0.0,0.0,0.0,0.0,0.0,0.0,0.0,0.0,0.0,0.0,0.0,0.0,0.0,0.0,38921
79,Lake Grace (S),21.0,31.0,11.0,23.0,16.0,22.0,17.0,22.0,23.0,25.0,22.0,24.0,8.0,10.0,3.0,14.0,6.0,0.0,9.0,7.0,3.0,3.0,13.0,11.0,10.0,13.0,17.0,17.0,13.0,16.0,19.0,20.0,15.0,19.0,19.0,17.0,12.0,16.0,10.0,16.0,28.0,20.0,13.0,12.0,27.0,14.0,16.0,16.0,21.0,17.0,16.0,20.0,16.0,24.0,23.0,19.0,24.0,20.0,22.0,23.0,19.0,15.0,16.0,16.0,18.0,22.0,15.0,5.0,13.0,13.0,10.0,7.0,18.0,11.0,4.0,11.0,7.0,13.0,3.0,5.0,3.0,4.0,0.0,0.0,0.0,3.0,0.0,0.0,4.0,0.0,0.0,0.0,0.0,0.0,0.0,0.0,0.0,0.0,0.0,0.0,0.0,0.0,0.0,0.0,0.0,0.0,0.0,0.0,0.0,0.0,0.0,0.0,0.0,0.0,0.0,0.0,1266
80,Laverton (S),12.0,13.0,5.0,12.0,11.0,10.0,11.0,7.0,8.0,14.0,12.0,9.0,10.0,7.0,8.0,8.0,6.0,3.0,11.0,9.0,6.0,12.0,14.0,29.0,11.0,25.0,37.0,14.0,35.0,33.0,38.0,27.0,33.0,24.0,24.0,12.0,17.0,15.0,25.0,9.0,20.0,14.0,20.0,22.0,15.0,17.0,28.0,19.0,26.0,15.0,20.0,33.0,21.0,21.0,16.0,15.0,22.0,16.0,26.0,16.0,13.0,15.0,10.0,12.0,4.0,16.0,6.0,5.0,3.0,4.0,0.0,0.0,0.0,6.0,3.0,4.0,0.0,3.0,3.0,3.0,0.0,0.0,0.0,0.0,0.0,0.0,0.0,0.0,0.0,0.0,0.0,0.0,0.0,0.0,0.0,0.0,0.0,0.0,0.0,0.0,0.0,0.0,0.0,0.0,0.0,0.0,0.0,0.0,0.0,0.0,0.0,0.0,0.0,0.0,0.0,0.0,1156
81,Leonora (S),19.0,30.0,19.0,22.0,14.0,17.0,9.0,14.0,18.0,19.0,15.0,11.0,12.0,4.0,8.0,6.0,0.0,8.0,12.0,15.0,16.0,12.0,13.0,13.0,21.0,30.0,44.0,33.0,36.0,37.0,37.0,27.0,37.0,39.0,34.0,14.0,30.0,26.0,31.0,29.0,16.0,17.0,28.0,18.0,29.0,27.0,15.0,19.0,21.0,16.0,35.0,26.0,28.0,20.0,16.0,14.0,14.0,17.0,14.0,14.0,21.0,14.0,9.0,7.0,6.0,24.0,10.0,6.0,10.0,4.0,0.0,5.0,3.0,4.0,4.0,3.0,0.0,5.0,3.0,0.0,0.0,0.0,0.0,3.0,0.0,0.0,0.0,0.0,0.0,0.0,3.0,0.0,0.0,0.0,0.0,0.0,0.0,0.0,0.0,0.0,0.0,0.0,0.0,0.0,0.0,0.0,0.0,0.0,0.0,0.0,0.0,0.0,0.0,0.0,0.0,0.0,1406
82,Mandurah (C),902.0,927.0,891.0,962.0,981.0,988.0,1011.0,1052.0,1003.0,1043.0,1015.0,963.0,939.0,961.0,919.0,930.0,985.0,993.0,1012.0,931.0,899.0,904.0,856.0,864.0,810.0,807.0,820.0,835.0,852.0,891.0,973.0,873.0,899.0,930.0,917.0,914.0,886.0,860.0,847.0,848.0,946.0,956.0,952.0,985.0,1095.0,1021.0,1098.0,1072.0,979.0,1010.0,1024.0,1021.0,1129.0,1081.0,1011.0,1042.0,1039.0,981.0,1047.0,967.0,1070.0,985.0,979.0,1028.0,1082.0,963.0,1067.0,1051.0,1117.0,1294.0,929.0,967.0,986.0,902.0,829.0,826.0,782.0,728.0,706.0,634.0,543.0,542.0,483.0,428.0,416.0,382.0,320.0,276.0,247.0,202.0,182.0,141.0,97.0,81.0,62.0,52.0,36.0,19.0,12.0,13.0,4.0,0.0,0.0,5.0,0.0,0.0,0.0,0.0,0.0,0.0,0.0,0.0,0.0,0.0,0.0,0.0,80808
83,Manjimup (S),89.0,110.0,90.0,91.0,99.0,94.0,108.0,108.0,112.0,132.0,118.0,145.0,140.0,136.0,144.0,129.0,151.0,127.0,99.0,75.0,67.0,81.0,92.0,81.0,93.0,100.0,68.0,90.0,89.0,79.0,75.0,81.0,83.0,69.0,112.0,83.0,100.0,99.0,86.0,81.0,78.0,117.0,119.0,107.0,142.0,146.0,126.0,126.0,121.0,137.0,137.0,152.0,128.0,172.0,161.0,150.0,152.0,160.0,148.0,136.0,138.0,139.0,136.0,130.0,148.0,113.0,105.0,127.0,107.0,119.0,119.0,99.0,97.0,76.0,80.0,77.0,86.0,61.0,58.0,45.0,51.0,51.0,44.0,53.0,44.0,26.0,30.0,30.0,21.0,20.0,12.0,19.0,10.0,6.0,5.0,9.0,3.0,0.0,0.0,0.0,0.0,0.0,0.0,0.0,0.0,0.0,0.0,0.0,0.0,0.0,0.0,0.0,0.0,0.0,0.0,0.0,9253
84,Meekatharra (S),13.0,11.0,18.0,14.0,5.0,13.0,11.0,9.0,14.0,12.0,14.0,5.0,15.0,10.0,10.0,14.0,8.0,8.0,10.0,11.0,9.0,9.0,11.0,8.0,12.0,17.0,26.0,32.0,10.0,28.0,32.0,27.0,20.0,22.0,14.0,20.0,23.0,19.0,19.0,9.0,10.0,13.0,21.0,18.0,12.0,16.0,17.0,13.0,8.0,5.0,18.0,20.0,13.0,18.0,28.0,9.0,21.0,23.0,15.0,17.0,10.0,12.0,10.0,5.0,15.0,10.0,5.0,11.0,7.0,4.0,12.0,9.0,7.0,0.0,8.0,0.0,3.0,0.0,0.0,4.0,0.0,0.0,0.0,0.0,0.0,0.0,0.0,0.0,0.0,0.0,0.0,0.0,0.0,0.0,0.0,0.0,0.0,0.0,0.0,0.0,0.0,0.0,0.0,0.0,0.0,0.0,0.0,0.0,0.0,0.0,0.0,0.0,0.0,0.0,0.0,0.0,1066
85,Melville (C),889.0,930.0,964.0,1080.0,1053.0,1140.0,1175.0,1128.0,1202.0,1206.0,1197.0,1136.0,1248.0,1251.0,1194.0,1342.0,1203.0,1268.0,1293.0,1388.0,1395.0,1416.0,1392.0,1262.0,1199.0,1196.0,1182.0,1170.0,1132.0,1044.0,1071.0,1111.0,1146.0,1127.0,1154.0,1124.0,1154.0,1136.0,1141.0,1272.0,1270.0,1212.0,1334.0,1302.0,1372.0,1482.0,1368.0,1360.0,1319.0,1344.0,1305.0,1274.0,1399.0,1363.0,1304.0,1317.0,1367.0,1312.0,1284.0,1274.0,1329.0,1220.0,1199.0,1254.0,1139.0,1182.0,1092.0,1063.0,1028.0,1094.0,864.0,812.0,811.0,706.0,720.0,669.0,589.0,673.0,629.0,526.0,557.0,559.0,487.0,469.0,509.0,450.0,450.0,395.0,365.0,308.0,263.0,248.0,198.0,157.0,119.0,83.0,67.0,53.0,22.0,18.0,8.0,6.0,0.0,0.0,0.0,0.0,0.0,0.0,0.0,0.0,0.0,0.0,0.0,0.0,0.0,0.0,98076
86,Menzies (S),4.0,4.0,7.0,9.0,0.0,5.0,0.0,3.0,12.0,0.0,6.0,0.0,4.0,8.0,3.0,4.0,11.0,3.0,3.0,6.0,6.0,8.0,0.0,12.0,9.0,10.0,5.0,9.0,9.0,12.0,17.0,5.0,8.0,11.0,11.0,3.0,8.0,7.0,6.0,4.0,12.0,10.0,3.0,7.0,10.0,10.0,6.0,13.0,10.0,6.0,3.0,5.0,16.0,9.0,5.0,9.0,7.0,7.0,5.0,6.0,8.0,5.0,5.0,3.0,5.0,7.0,4.0,3.0,4.0,3.0,0.0,3.0,3.0,0.0,0.0,4.0,0.0,3.0,0.0,5.0,0.0,0.0,0.0,0.0,0.0,0.0,0.0,0.0,0.0,0.0,0.0,0.0,0.0,0.0,0.0,0.0,0.0,0.0,0.0,0.0,0.0,0.0,0.0,0.0,0.0,0.0,0.0,0.0,0.0,0.0,0.0,0.0,0.0,0.0,0.0,0.0,490
87,Merredin (S),34.0,44.0,45.0,35.0,44.0,50.0,42.0,47.0,44.0,46.0,41.0,45.0,28.0,45.0,53.0,52.0,36.0,39.0,33.0,44.0,53.0,99.0,56.0,60.0,38.0,38.0,39.0,46.0,30.0,46.0,43.0,39.0,43.0,33.0,44.0,29.0,45.0,32.0,36.0,38.0,38.0,35.0,44.0,36.0,49.0,46.0,32.0,48.0,47.0,43.0,40.0,51.0,48.0,40.0,57.0,51.0,34.0,51.0,65.0,45.0,42.0,42.0,35.0,35.0,37.0,37.0,35.0,34.0,36.0,34.0,23.0,27.0,26.0,23.0,25.0,19.0,23.0,22.0,12.0,15.0,18.0,10.0,13.0,11.0,14.0,15.0,14.0,4.0,5.0,4.0,0.0,6.0,7.0,5.0,0.0,0.0,0.0,0.0,0.0,0.0,0.0,0.0,0.0,0.0,0.0,0.0,0.0,0.0,0.0,0.0,0.0,0.0,0.0,0.0,0.0,0.0,3353
88,Mingenew (S),8.0,4.0,10.0,7.0,9.0,3.0,7.0,7.0,4.0,10.0,5.0,8.0,6.0,3.0,6.0,0.0,5.0,5.0,8.0,6.0,0.0,6.0,4.0,5.0,3.0,14.0,5.0,4.0,0.0,10.0,10.0,0.0,3.0,5.0,4.0,7.0,6.0,8.0,3.0,0.0,4.0,9.0,4.0,3.0,12.0,6.0,12.0,5.0,0.0,4.0,9.0,0.0,10.0,10.0,7.0,12.0,9.0,7.0,9.0,12.0,9.0,5.0,11.0,7.0,9.0,4.0,4.0,4.0,0.0,6.0,0.0,7.0,3.0,3.0,5.0,0.0,0.0,0.0,4.0,4.0,4.0,3.0,5.0,0.0,0.0,4.0,0.0,0.0,0.0,4.0,0.0,0.0,0.0,0.0,0.0,0.0,0.0,0.0,0.0,0.0,0.0,0.0,0.0,0.0,0.0,0.0,0.0,0.0,0.0,0.0,0.0,0.0,0.0,0.0,0.0,0.0,459
89,Moora (S),19.0,33.0,34.0,37.0,33.0,45.0,24.0,41.0,39.0,46.0,36.0,39.0,34.0,27.0,19.0,26.0,29.0,23.0,25.0,21.0,30.0,22.0,35.0,24.0,30.0,16.0,26.0,22.0,20.0,24.0,31.0,26.0,27.0,35.0,24.0,21.0,30.0,27.0,25.0,37.0,37.0,37.0,37.0,46.0,32.0,35.0,41.0,33.0,29.0,25.0,39.0,29.0,39.0,43.0,51.0,31.0,35.0,38.0,38.0,28.0,24.0,28.0,35.0,25.0,33.0,24.0,23.0,32.0,28.0,18.0,18.0,18.0,38.0,18.0,22.0,29.0,12.0,10.0,14.0,7.0,11.0,13.0,4.0,9.0,7.0,10.0,5.0,0.0,7.0,4.0,4.0,4.0,8.0,4.0,0.0,0.0,3.0,0.0,0.0,0.0,0.0,0.0,0.0,0.0,0.0,0.0,0.0,0.0,0.0,0.0,0.0,0.0,0.0,0.0,0.0,0.0,2433
90,Morawa (S),8.0,17.0,3.0,12.0,11.0,11.0,12.0,10.0,14.0,16.0,5.0,12.0,5.0,9.0,8.0,16.0,20.0,30.0,4.0,8.0,8.0,10.0,3.0,10.0,6.0,6.0,10.0,13.0,11.0,7.0,11.0,9.0,4.0,7.0,12.0,4.0,9.0,9.0,8.0,7.0,9.0,11.0,14.0,10.0,12.0,10.0,8.0,5.0,13.0,14.0,9.0,13.0,8.0,10.0,8.0,16.0,9.0,8.0,10.0,21.0,5.0,13.0,5.0,11.0,7.0,5.0,3.0,7.0,5.0,3.0,4.0,4.0,9.0,9.0,5.0,0.0,5.0,0.0,5.0,5.0,6.0,10.0,3.0,5.0,6.0,0.0,0.0,5.0,0.0,3.0,4.0,0.0,0.0,0.0,0.0,0.0,0.0,0.0,0.0,0.0,0.0,0.0,0.0,0.0,0.0,0.0,0.0,0.0,0.0,0.0,0.0,0.0,0.0,0.0,0.0,0.0,746
91,Mosman Park (T),62.0,67.0,90.0,94.0,77.0,101.0,91.0,102.0,88.0,91.0,111.0,113.0,125.0,158.0,133.0,155.0,146.0,137.0,95.0,115.0,94.0,104.0,99.0,100.0,84.0,108.0,135.0,110.0,113.0,109.0,144.0,113.0,118.0,125.0,109.0,114.0,104.0,103.0,95.0,100.0,99.0,86.0,102.0,113.0,148.0,138.0,142.0,145.0,124.0,127.0,137.0,106.0,124.0,129.0,119.0,86.0,118.0,123.0,91.0,99.0,107.0,88.0,96.0,105.0,103.0,106.0,105.0,100.0,84.0,97.0,99.0,77.0,98.0,82.0,81.0,69.0,43.0,69.0,45.0,39.0,47.0,51.0,39.0,33.0,24.0,24.0,15.0,19.0,21.0,13.0,11.0,11.0,18.0,7.0,6.0,5.0,6.0,4.0,3.0,0.0,5.0,0.0,0.0,0.0,0.0,0.0,0.0,0.0,0.0,0.0,0.0,0.0,0.0,0.0,0.0,0.0,8755
92,Mount Magnet (S),4.0,4.0,5.0,11.0,5.0,12.0,10.0,8.0,0.0,6.0,9.0,9.0,5.0,5.0,3.0,9.0,3.0,4.0,0.0,3.0,3.0,3.0,0.0,5.0,4.0,3.0,0.0,3.0,6.0,3.0,11.0,11.0,8.0,6.0,0.0,7.0,7.0,3.0,6.0,12.0,4.0,7.0,11.0,4.0,0.0,16.0,4.0,9.0,3.0,0.0,11.0,5.0,16.0,6.0,0.0,3.0,11.0,7.0,12.0,14.0,5.0,12.0,5.0,4.0,7.0,13.0,8.0,10.0,5.0,9.0,13.0,10.0,0.0,0.0,7.0,0.0,0.0,5.0,0.0,0.0,0.0,4.0,0.0,0.0,0.0,0.0,0.0,0.0,0.0,0.0,0.0,0.0,0.0,0.0,0.0,0.0,0.0,0.0,0.0,0.0,0.0,0.0,0.0,0.0,0.0,0.0,0.0,0.0,0.0,0.0,0.0,0.0,0.0,0.0,0.0,0.0,482
93,Mount Marshall (S),12.0,7.0,11.0,8.0,10.0,3.0,3.0,7.0,10.0,15.0,12.0,7.0,5.0,0.0,3.0,5.0,0.0,0.0,3.0,3.0,0.0,3.0,3.0,3.0,3.0,9.0,4.0,3.0,4.0,7.0,9.0,8.0,8.0,8.0,14.0,12.0,9.0,0.0,9.0,5.0,9.0,9.0,13.0,4.0,14.0,14.0,4.0,10.0,11.0,7.0,5.0,12.0,10.0,16.0,9.0,10.0,5.0,3.0,8.0,6.0,10.0,3.0,5.0,0.0,7.0,5.0,3.0,12.0,3.0,13.0,10.0,0.0,4.0,3.0,0.0,0.0,6.0,5.0,3.0,3.0,0.0,0.0,7.0,0.0,3.0,0.0,3.0,0.0,3.0,0.0,0.0,0.0,0.0,0.0,0.0,0.0,0.0,0.0,0.0,0.0,0.0,0.0,0.0,0.0,0.0,0.0,0.0,0.0,0.0,0.0,0.0,0.0,0.0,0.0,0.0,0.0,526
94,Mukinbudin (S),8.0,7.0,6.0,16.0,5.0,10.0,6.0,10.0,8.0,8.0,6.0,3.0,5.0,0.0,7.0,5.0,0.0,3.0,3.0,0.0,4.0,0.0,6.0,0.0,3.0,7.0,9.0,11.0,7.0,11.0,13.0,10.0,8.0,6.0,7.0,16.0,10.0,5.0,0.0,5.0,4.0,0.0,9.0,11.0,12.0,11.0,3.0,4.0,5.0,7.0,4.0,5.0,0.0,4.0,11.0,10.0,11.0,9.0,14.0,11.0,11.0,12.0,8.0,10.0,4.0,11.0,7.0,3.0,3.0,10.0,7.0,0.0,4.0,5.0,5.0,6.0,3.0,3.0,6.0,0.0,5.0,7.0,0.0,0.0,7.0,0.0,0.0,3.0,0.0,0.0,0.0,0.0,0.0,0.0,0.0,0.0,0.0,0.0,0.0,0.0,0.0,0.0,0.0,0.0,0.0,0.0,0.0,0.0,0.0,0.0,0.0,0.0,0.0,0.0,0.0,0.0,553
95,Mundaring (S),327.0,360.0,374.0,393.0,440.0,433.0,454.0,454.0,479.0,473.0,503.0,519.0,487.0,485.0,452.0,539.0,526.0,522.0,472.0,457.0,494.0,424.0,433.0,403.0,392.0,386.0,422.0,398.0,427.0,384.0,444.0,421.0,440.0,436.0,422.0,439.0,465.0,447.0,459.0,470.0,487.0,498.0,516.0,522.0,618.0,638.0,595.0,609.0,646.0,608.0,609.0,535.0,626.0,637.0,617.0,585.0,565.0,592.0,549.0,526.0,556.0,492.0,488.0,451.0,488.0,489.0,495.0,436.0,433.0,495.0,389.0,379.0,334.0,295.0,272.0,259.0,233.0,221.0,186.0,168.0,155.0,160.0,138.0,115.0,95.0,96.0,95.0,73.0,71.0,55.0,53.0,43.0,23.0,28.0,16.0,16.0,17.0,5.0,4.0,4.0,0.0,0.0,0.0,0.0,0.0,0.0,0.0,0.0,0.0,0.0,0.0,0.0,0.0,0.0,0.0,0.0,38159
96,Murchison (S),5.0,0.0,0.0,0.0,0.0,0.0,3.0,3.0,0.0,0.0,0.0,0.0,0.0,0.0,0.0,0.0,3.0,0.0,5.0,4.0,0.0,0.0,8.0,4.0,4.0,0.0,3.0,0.0,6.0,0.0,0.0,0.0,0.0,0.0,0.0,0.0,3.0,6.0,0.0,0.0,0.0,3.0,3.0,4.0,0.0,6.0,3.0,6.0,8.0,0.0,4.0,3.0,0.0,4.0,6.0,4.0,4.0,0.0,3.0,0.0,0.0,0.0,3.0,6.0,0.0,0.0,0.0,0.0,0.0,0.0,0.0,0.0,0.0,0.0,0.0,0.0,0.0,0.0,0.0,0.0,0.0,0.0,0.0,0.0,0.0,0.0,0.0,0.0,0.0,0.0,0.0,0.0,0.0,0.0,0.0,0.0,0.0,0.0,0.0,0.0,0.0,0.0,0.0,0.0,0.0,0.0,0.0,0.0,0.0,0.0,0.0,0.0,0.0,0.0,0.0,0.0,153
97,Murray (S),170.0,168.0,169.0,197.0,217.0,234.0,225.0,235.0,215.0,237.0,226.0,176.0,229.0,195.0,238.0,210.0,217.0,197.0,208.0,172.0,187.0,162.0,158.0,150.0,169.0,147.0,164.0,165.0,160.0,162.0,178.0,170.0,141.0,159.0,158.0,173.0,165.0,164.0,166.0,171.0,221.0,192.0,193.0,217.0,256.0,240.0,225.0,233.0,221.0,220.0,220.0,229.0,255.0,216.0,246.0,240.0,232.0,201.0,229.0,228.0,251.0,220.0,226.0,227.0,234.0,246.0,241.0,245.0,285.0,224.0,195.0,192.0,178.0,180.0,189.0,146.0,126.0,156.0,148.0,131.0,129.0,109.0,80.0,62.0,59.0,67.0,54.0,27.0,39.0,28.0,22.0,10.0,15.0,10.0,16.0,4.0,5.0,0.0,0.0,0.0,0.0,3.0,0.0,0.0,0.0,0.0,0.0,0.0,0.0,0.0,0.0,0.0,0.0,0.0,0.0,0.0,16696
98,Nannup (S),10.0,6.0,13.0,18.0,10.0,15.0,13.0,15.0,19.0,16.0,17.0,14.0,13.0,15.0,12.0,9.0,12.0,8.0,4.0,10.0,4.0,5.0,15.0,12.0,6.0,0.0,9.0,8.0,8.0,5.0,14.0,8.0,8.0,11.0,16.0,11.0,9.0,9.0,14.0,3.0,17.0,18.0,9.0,11.0,22.0,22.0,16.0,17.0,26.0,26.0,19.0,13.0,26.0,20.0,27.0,16.0,34.0,29.0,16.0,18.0,31.0,31.0,34.0,28.0,28.0,33.0,32.0,23.0,27.0,29.0,26.0,21.0,17.0,26.0,18.0,15.0,16.0,14.0,11.0,6.0,4.0,6.0,0.0,7.0,4.0,0.0,3.0,3.0,0.0,0.0,3.0,0.0,0.0,0.0,0.0,0.0,0.0,0.0,0.0,0.0,0.0,0.0,0.0,0.0,0.0,0.0,0.0,0.0,0.0,0.0,0.0,0.0,0.0,0.0,0.0,0.0,1329
99,Narembeen (S),12.0,13.0,11.0,11.0,12.0,5.0,3.0,10.0,9.0,13.0,12.0,5.0,13.0,7.0,6.0,7.0,9.0,5.0,4.0,4.0,8.0,8.0,4.0,15.0,0.0,14.0,13.0,8.0,11.0,17.0,15.0,18.0,16.0,12.0,4.0,3.0,4.0,8.0,4.0,3.0,9.0,10.0,11.0,4.0,4.0,13.0,8.0,8.0,15.0,9.0,15.0,3.0,9.0,6.0,16.0,20.0,17.0,13.0,8.0,11.0,15.0,15.0,14.0,9.0,9.0,0.0,9.0,6.0,13.0,8.0,17.0,10.0,11.0,9.0,8.0,8.0,6.0,0.0,5.0,0.0,3.0,5.0,4.0,12.0,10.0,6.0,3.0,0.0,3.0,3.0,6.0,0.0,0.0,0.0,0.0,0.0,0.0,0.0,0.0,0.0,0.0,0.0,0.0,0.0,0.0,0.0,0.0,0.0,0.0,0.0,0.0,0.0,0.0,0.0,0.0,0.0,810
100,Narrogin (S),56.0,61.0,69.0,70.0,72.0,80.0,83.0,69.0,84.0,65.0,68.0,69.0,65.0,85.0,79.0,87.0,99.0,99.0,63.0,55.0,43.0,53.0,61.0,53.0,57.0,77.0,45.0,36.0,61.0,48.0,55.0,70.0,49.0,49.0,66.0,51.0,56.0,41.0,62.0,49.0,58.0,50.0,63.0,56.0,83.0,72.0,67.0,68.0,63.0,65.0,75.0,60.0,46.0,70.0,68.0,68.0,71.0,88.0,77.0,76.0,68.0,57.0,82.0,68.0,65.0,58.0,69.0,67.0,57.0,54.0,56.0,38.0,41.0,47.0,37.0,36.0,32.0,27.0,38.0,33.0,35.0,18.0,26.0,25.0,16.0,17.0,16.0,20.0,18.0,13.0,13.0,17.0,7.0,4.0,4.0,0.0,4.0,0.0,0.0,0.0,0.0,0.0,0.0,0.0,0.0,0.0,0.0,0.0,0.0,0.0,0.0,0.0,0.0,0.0,0.0,0.0,5158
101,Nedlands (C),153.0,186.0,190.0,227.0,242.0,275.0,293.0,316.0,300.0,324.0,345.0,351.0,318.0,332.0,325.0,315.0,304.0,313.0,290.0,304.0,303.0,305.0,311.0,329.0,283.0,230.0,213.0,186.0,167.0,142.0,157.0,142.0,169.0,190.0,185.0,183.0,212.0,208.0,239.0,235.0,250.0,254.0,257.0,287.0,302.0,322.0,320.0,304.0,313.0,327.0,326.0,303.0,290.0,302.0,274.0,313.0,301.0,259.0,283.0,312.0,267.0,258.0,247.0,252.0,268.0,269.0,257.0,230.0,262.0,266.0,196.0,184.0,188.0,173.0,159.0,145.0,116.0,110.0,129.0,123.0,104.0,76.0,73.0,118.0,81.0,84.0,67.0,59.0,61.0,45.0,54.0,41.0,44.0,30.0,16.0,17.0,14.0,13.0,8.0,4.0,0.0,0.0,0.0,0.0,0.0,0.0,0.0,0.0,0.0,0.0,0.0,0.0,0.0,0.0,0.0,0.0,21114
102,Ngaanyatjarraku (S),15.0,34.0,29.0,25.0,29.0,35.0,17.0,30.0,26.0,35.0,32.0,27.0,22.0,25.0,21.0,21.0,28.0,27.0,34.0,22.0,31.0,14.0,39.0,29.0,31.0,31.0,15.0,26.0,22.0,37.0,48.0,20.0,38.0,35.0,40.0,29.0,25.0,19.0,23.0,18.0,27.0,13.0,27.0,24.0,22.0,26.0,15.0,28.0,11.0,10.0,27.0,14.0,14.0,12.0,23.0,16.0,12.0,18.0,10.0,12.0,14.0,12.0,9.0,9.0,8.0,5.0,7.0,11.0,15.0,10.0,8.0,8.0,3.0,3.0,5.0,4.0,9.0,0.0,4.0,3.0,0.0,0.0,0.0,0.0,3.0,0.0,0.0,4.0,0.0,0.0,0.0,0.0,0.0,0.0,0.0,0.0,0.0,0.0,0.0,0.0,0.0,0.0,0.0,0.0,0.0,0.0,0.0,0.0,0.0,0.0,0.0,0.0,0.0,0.0,0.0,0.0,1606
103,Northam (S),120.0,149.0,145.0,110.0,143.0,138.0,143.0,121.0,150.0,149.0,162.0,142.0,134.0,155.0,141.0,151.0,121.0,138.0,102.0,110.0,99.0,112.0,122.0,134.0,120.0,125.0,133.0,133.0,128.0,138.0,133.0,133.0,129.0,149.0,129.0,135.0,134.0,121.0,114.0,125.0,149.0,140.0,134.0,151.0,169.0,135.0,150.0,163.0,133.0,139.0,143.0,137.0,158.0,155.0,153.0,179.0,187.0,180.0,182.0,161.0,173.0,154.0,149.0,155.0,159.0,142.0,140.0,145.0,119.0,158.0,120.0,96.0,110.0,86.0,94.0,84.0,68.0,52.0,62.0,62.0,59.0,48.0,40.0,38.0,39.0,31.0,31.0,34.0,21.0,23.0,15.0,13.0,22.0,8.0,0.0,5.0,5.0,0.0,0.0,0.0,0.0,0.0,0.0,0.0,0.0,0.0,0.0,0.0,0.0,0.0,0.0,0.0,0.0,0.0,0.0,0.0,11115
104,Northampton (S),35.0,23.0,27.0,25.0,43.0,41.0,37.0,36.0,31.0,40.0,41.0,32.0,29.0,31.0,38.0,34.0,27.0,30.0,28.0,12.0,23.0,32.0,16.0,25.0,39.0,25.0,24.0,26.0,16.0,19.0,26.0,30.0,25.0,21.0,26.0,27.0,17.0,28.0,35.0,48.0,37.0,39.0,28.0,32.0,54.0,50.0,49.0,42.0,58.0,50.0,48.0,50.0,50.0,67.0,58.0,66.0,46.0,59.0,69.0,68.0,81.0,78.0,60.0,69.0,62.0,76.0,63.0,41.0,65.0,36.0,50.0,40.0,58.0,34.0,45.0,36.0,26.0,26.0,21.0,18.0,18.0,18.0,10.0,15.0,16.0,16.0,3.0,5.0,5.0,5.0,8.0,0.0,0.0,3.0,0.0,0.0,3.0,0.0,0.0,0.0,0.0,0.0,0.0,0.0,0.0,0.0,0.0,0.0,0.0,0.0,0.0,0.0,0.0,0.0,0.0,0.0,3322
105,Nungarin (S),0.0,5.0,9.0,4.0,7.0,0.0,0.0,5.0,0.0,0.0,4.0,4.0,3.0,7.0,7.0,3.0,0.0,3.0,9.0,0.0,8.0,3.0,3.0,0.0,10.0,5.0,0.0,8.0,0.0,0.0,3.0,0.0,3.0,0.0,0.0,3.0,0.0,6.0,0.0,0.0,3.0,0.0,4.0,0.0,10.0,0.0,0.0,9.0,6.0,3.0,0.0,5.0,5.0,4.0,9.0,4.0,7.0,9.0,0.0,6.0,4.0,0.0,7.0,5.0,11.0,3.0,8.0,0.0,3.0,0.0,0.0,0.0,3.0,0.0,5.0,0.0,0.0,4.0,0.0,0.0,0.0,0.0,5.0,0.0,4.0,0.0,0.0,4.0,0.0,0.0,0.0,0.0,0.0,0.0,0.0,0.0,0.0,0.0,0.0,0.0,0.0,0.0,0.0,0.0,0.0,0.0,0.0,0.0,0.0,0.0,0.0,0.0,0.0,0.0,0.0,0.0,251
106,Peppermint Grove (S),15.0,8.0,5.0,10.0,8.0,12.0,22.0,16.0,13.0,19.0,35.0,22.0,39.0,46.0,43.0,63.0,54.0,48.0,33.0,23.0,22.0,14.0,31.0,27.0,22.0,18.0,13.0,20.0,13.0,6.0,9.0,10.0,17.0,9.0,5.0,4.0,12.0,15.0,13.0,5.0,13.0,17.0,14.0,20.0,12.0,24.0,19.0,20.0,17.0,30.0,21.0,30.0,29.0,23.0,30.0,16.0,26.0,15.0,32.0,19.0,20.0,28.0,27.0,27.0,17.0,20.0,11.0,13.0,16.0,18.0,18.0,20.0,11.0,12.0,11.0,17.0,10.0,8.0,7.0,9.0,10.0,3.0,5.0,12.0,7.0,7.0,5.0,9.0,0.0,7.0,3.0,4.0,0.0,4.0,3.0,0.0,0.0,0.0,0.0,0.0,0.0,0.0,0.0,0.0,0.0,0.0,0.0,0.0,0.0,0.0,0.0,0.0,0.0,0.0,0.0,0.0,1637
107,Perenjori (S),3.0,9.0,8.0,8.0,6.0,13.0,7.0,8.0,4.0,3.0,4.0,6.0,5.0,0.0,3.0,4.0,0.0,4.0,4.0,8.0,6.0,4.0,6.0,8.0,5.0,10.0,10.0,10.0,12.0,11.0,15.0,9.0,12.0,9.0,16.0,13.0,8.0,8.0,3.0,7.0,6.0,0.0,7.0,9.0,11.0,14.0,8.0,18.0,15.0,9.0,7.0,17.0,9.0,17.0,10.0,14.0,12.0,11.0,12.0,13.0,8.0,13.0,11.0,6.0,6.0,0.0,5.0,10.0,4.0,6.0,0.0,4.0,0.0,0.0,6.0,0.0,4.0,0.0,0.0,0.0,3.0,0.0,0.0,3.0,0.0,0.0,5.0,0.0,5.0,0.0,0.0,0.0,0.0,0.0,0.0,0.0,0.0,0.0,0.0,0.0,0.0,0.0,0.0,0.0,0.0,0.0,0.0,0.0,0.0,0.0,0.0,0.0,0.0,0.0,0.0,0.0,616
108,Perth (C),202.0,160.0,127.0,103.0,75.0,61.0,52.0,52.0,43.0,39.0,28.0,43.0,56.0,48.0,45.0,44.0,55.0,76.0,262.0,442.0,498.0,495.0,521.0,642.0,685.0,781.0,810.0,847.0,848.0,818.0,880.0,791.0,725.0,639.0,634.0,495.0,425.0,344.0,351.0,307.0,247.0,222.0,221.0,239.0,234.0,242.0,204.0,199.0,217.0,189.0,190.0,220.0,220.0,207.0,193.0,192.0,189.0,194.0,196.0,185.0,226.0,214.0,177.0,162.0,171.0,165.0,171.0,148.0,166.0,153.0,136.0,98.0,133.0,84.0,104.0,81.0,102.0,74.0,64.0,63.0,60.0,34.0,40.0,43.0,15.0,27.0,25.0,27.0,16.0,22.0,12.0,9.0,3.0,12.0,3.0,4.0,9.0,0.0,0.0,0.0,0.0,0.0,0.0,0.0,0.0,0.0,0.0,0.0,0.0,0.0,0.0,0.0,0.0,0.0,0.0,0.0,21798
109,Pingelly (S),5.0,8.0,15.0,15.0,13.0,17.0,15.0,16.0,11.0,18.0,18.0,13.0,7.0,15.0,9.0,9.0,7.0,17.0,9.0,5.0,3.0,0.0,17.0,4.0,12.0,8.0,9.0,9.0,9.0,15.0,11.0,5.0,10.0,5.0,11.0,7.0,3.0,11.0,17.0,5.0,3.0,9.0,8.0,19.0,18.0,17.0,17.0,9.0,21.0,16.0,20.0,15.0,7.0,21.0,15.0,23.0,23.0,17.0,24.0,24.0,29.0,18.0,23.0,19.0,21.0,15.0,24.0,20.0,17.0,12.0,27.0,11.0,16.0,9.0,18.0,16.0,11.0,12.0,10.0,12.0,9.0,7.0,4.0,3.0,8.0,5.0,9.0,3.0,0.0,3.0,0.0,5.0,0.0,0.0,0.0,0.0,0.0,0.0,0.0,0.0,0.0,0.0,0.0,0.0,0.0,0.0,0.0,0.0,0.0,0.0,0.0,0.0,0.0,0.0,0.0,0.0,1150
110,Plantagenet (S),42.0,48.0,53.0,46.0,68.0,54.0,50.0,66.0,58.0,79.0,65.0,70.0,52.0,62.0,68.0,46.0,60.0,73.0,75.0,39.0,49.0,46.0,41.0,42.0,30.0,47.0,42.0,38.0,34.0,52.0,34.0,30.0,42.0,45.0,45.0,52.0,46.0,54.0,59.0,65.0,63.0,69.0,60.0,76.0,70.0,78.0,77.0,88.0,73.0,80.0,83.0,79.0,71.0,84.0,86.0,75.0,94.0,75.0,87.0,75.0,77.0,83.0,92.0,82.0,69.0,84.0,77.0,65.0,71.0,98.0,62.0,59.0,53.0,44.0,47.0,54.0,43.0,31.0,26.0,38.0,27.0,19.0,22.0,18.0,13.0,10.0,16.0,19.0,13.0,4.0,3.0,5.0,3.0,4.0,3.0,5.0,3.0,0.0,0.0,0.0,0.0,0.0,0.0,0.0,0.0,0.0,0.0,0.0,0.0,0.0,0.0,0.0,0.0,0.0,0.0,0.0,5078
111,Port Hedland (T),258.0,292.0,271.0,282.0,266.0,282.0,266.0,225.0,258.0,187.0,208.0,166.0,157.0,145.0,149.0,154.0,152.0,141.0,118.0,118.0,142.0,149.0,159.0,215.0,227.0,295.0,314.0,292.0,354.0,337.0,357.0,359.0,316.0,341.0,308.0,315.0,289.0,227.0,235.0,255.0,213.0,220.0,215.0,212.0,232.0,231.0,223.0,205.0,219.0,173.0,203.0,184.0,206.0,202.0,192.0,196.0,179.0,150.0,122.0,133.0,122.0,96.0,88.0,79.0,72.0,72.0,55.0,41.0,37.0,34.0,25.0,33.0,24.0,13.0,13.0,18.0,20.0,14.0,12.0,7.0,6.0,8.0,4.0,8.0,10.0,7.0,0.0,0.0,0.0,0.0,9.0,7.0,4.0,0.0,0.0,0.0,4.0,0.0,4.0,0.0,0.0,0.0,0.0,0.0,0.0,0.0,0.0,0.0,0.0,0.0,0.0,0.0,0.0,0.0,0.0,0.0,14465
112,Quairading (S),8.0,7.0,12.0,9.0,17.0,14.0,12.0,8.0,19.0,11.0,14.0,15.0,7.0,0.0,8.0,8.0,3.0,11.0,14.0,6.0,3.0,7.0,5.0,5.0,3.0,3.0,14.0,18.0,3.0,10.0,15.0,15.0,7.0,0.0,7.0,11.0,3.0,12.0,10.0,10.0,12.0,7.0,6.0,7.0,4.0,10.0,24.0,19.0,5.0,12.0,13.0,12.0,17.0,28.0,14.0,26.0,17.0,13.0,20.0,19.0,23.0,23.0,18.0,20.0,20.0,8.0,23.0,10.0,16.0,15.0,10.0,18.0,11.0,11.0,24.0,17.0,11.0,8.0,17.0,5.0,4.0,8.0,6.0,6.0,8.0,0.0,9.0,6.0,3.0,3.0,3.0,0.0,0.0,6.0,0.0,0.0,0.0,0.0,0.0,0.0,0.0,0.0,0.0,0.0,0.0,0.0,0.0,0.0,0.0,0.0,0.0,0.0,0.0,0.0,0.0,0.0,1020
113,Ravensthorpe (S),15.0,21.0,28.0,21.0,19.0,18.0,25.0,28.0,32.0,21.0,31.0,21.0,11.0,10.0,12.0,12.0,5.0,10.0,0.0,13.0,17.0,11.0,9.0,10.0,15.0,15.0,25.0,15.0,29.0,21.0,20.0,12.0,37.0,20.0,32.0,24.0,17.0,20.0,30.0,24.0,21.0,27.0,23.0,22.0,19.0,20.0,14.0,17.0,23.0,27.0,37.0,27.0,23.0,24.0,27.0,31.0,37.0,21.0,21.0,40.0,18.0,21.0,23.0,22.0,36.0,27.0,32.0,22.0,30.0,21.0,29.0,36.0,15.0,17.0,29.0,14.0,9.0,13.0,18.0,9.0,11.0,6.0,4.0,10.0,8.0,0.0,3.0,3.0,5.0,0.0,5.0,0.0,0.0,0.0,0.0,0.0,0.0,0.0,0.0,0.0,0.0,0.0,0.0,0.0,0.0,0.0,0.0,0.0,0.0,0.0,0.0,0.0,0.0,0.0,0.0,0.0,1732
114,Rockingham (C),1771.0,1869.0,1866.0,1951.0,1961.0,1986.0,1933.0,1929.0,2038.0,1971.0,1814.0,1723.0,1766.0,1668.0,1667.0,1631.0,1705.0,1690.0,1647.0,1540.0,1660.0,1716.0,1732.0,1675.0,1731.0,1788.0,1818.0,1762.0,1775.0,1845.0,1848.0,1816.0,1873.0,1889.0,1809.0,1760.0,1720.0,1697.0,1557.0,1640.0,1703.0,1730.0,1772.0,1725.0,1901.0,1927.0,1804.0,1827.0,1609.0,1698.0,1678.0,1671.0,1690.0,1616.0,1698.0,1475.0,1466.0,1385.0,1294.0,1207.0,1271.0,1113.0,1091.0,1069.0,1041.0,1005.0,977.0,920.0,988.0,1042.0,880.0,827.0,836.0,676.0,696.0,669.0,617.0,580.0,490.0,525.0,485.0,433.0,373.0,355.0,322.0,311.0,248.0,226.0,205.0,176.0,114.0,111.0,76.0,69.0,44.0,43.0,35.0,15.0,15.0,17.0,0.0,0.0,4.0,0.0,0.0,0.0,0.0,0.0,0.0,0.0,0.0,0.0,0.0,0.0,0.0,0.0,125112
115,Sandstone (S),0.0,0.0,0.0,0.0,0.0,0.0,0.0,0.0,0.0,0.0,0.0,0.0,0.0,0.0,0.0,0.0,0.0,0.0,0.0,0.0,0.0,0.0,0.0,0.0,0.0,0.0,0.0,0.0,0.0,0.0,0.0,0.0,0.0,0.0,0.0,0.0,0.0,0.0,0.0,6.0,4.0,4.0,0.0,0.0,0.0,0.0,0.0,3.0,6.0,6.0,5.0,0.0,3.0,5.0,0.0,0.0,4.0,7.0,0.0,0.0,0.0,0.0,7.0,3.0,5.0,3.0,5.0,7.0,5.0,0.0,3.0,3.0,0.0,4.0,0.0,0.0,0.0,0.0,0.0,0.0,0.0,0.0,0.0,0.0,0.0,0.0,0.0,0.0,0.0,0.0,0.0,0.0,0.0,0.0,0.0,0.0,0.0,0.0,0.0,0.0,0.0,0.0,0.0,0.0,0.0,0.0,0.0,0.0,0.0,0.0,0.0,0.0,0.0,0.0,0.0,0.0,89
116,Serpentine-Jarrahdale (S),465.0,458.0,454.0,490.0,462.0,459.0,442.0,417.0,434.0,443.0,404.0,361.0,387.0,367.0,363.0,352.0,373.0,320.0,334.0,317.0,322.0,312.0,369.0,374.0,418.0,393.0,480.0,415.0,462.0,439.0,534.0,437.0,425.0,430.0,446.0,385.0,428.0,374.0,404.0,307.0,370.0,362.0,339.0,348.0,400.0,413.0,426.0,362.0,387.0,334.0,345.0,373.0,380.0,360.0,318.0,350.0,292.0,269.0,285.0,267.0,249.0,240.0,215.0,223.0,211.0,217.0,174.0,189.0,212.0,199.0,148.0,142.0,140.0,96.0,98.0,113.0,91.0,106.0,68.0,63.0,37.0,65.0,37.0,46.0,33.0,40.0,33.0,25.0,8.0,18.0,13.0,13.0,12.0,11.0,6.0,8.0,0.0,0.0,0.0,0.0,0.0,0.0,0.0,0.0,0.0,0.0,0.0,0.0,0.0,0.0,0.0,0.0,0.0,0.0,0.0,0.0,26831
117,Shark Bay (S),16.0,17.0,13.0,19.0,16.0,15.0,14.0,13.0,13.0,8.0,11.0,8.0,7.0,4.0,5.0,4.0,0.0,7.0,3.0,4.0,8.0,7.0,5.0,7.0,11.0,11.0,12.0,14.0,10.0,12.0,19.0,14.0,19.0,6.0,16.0,22.0,17.0,16.0,10.0,11.0,10.0,16.0,10.0,5.0,14.0,12.0,10.0,7.0,11.0,8.0,15.0,12.0,9.0,21.0,19.0,13.0,16.0,5.0,16.0,13.0,23.0,18.0,11.0,6.0,20.0,15.0,14.0,14.0,18.0,24.0,10.0,7.0,15.0,11.0,12.0,11.0,0.0,6.0,3.0,4.0,6.0,0.0,0.0,0.0,5.0,3.0,0.0,4.0,0.0,0.0,0.0,0.0,0.0,0.0,0.0,0.0,0.0,0.0,0.0,0.0,0.0,0.0,0.0,0.0,0.0,0.0,0.0,0.0,0.0,0.0,0.0,0.0,0.0,0.0,0.0,0.0,947
118,South Perth (C),403.0,414.0,400.0,356.0,397.0,378.0,409.0,418.0,446.0,411.0,402.0,397.0,402.0,419.0,444.0,466.0,456.0,496.0,556.0,678.0,729.0,767.0,743.0,737.0,691.0,741.0,738.0,734.0,731.0,743.0,709.0,713.0,676.0,689.0,639.0,609.0,609.0,517.0,557.0,550.0,512.0,534.0,483.0,504.0,525.0,604.0,544.0,520.0,550.0,491.0,471.0,497.0,538.0,526.0,519.0,550.0,508.0,537.0,515.0,519.0,528.0,505.0,485.0,514.0,504.0,476.0,457.0,432.0,414.0,421.0,335.0,300.0,285.0,272.0,274.0,222.0,247.0,205.0,194.0,193.0,162.0,166.0,153.0,147.0,134.0,135.0,123.0,117.0,138.0,110.0,120.0,81.0,69.0,65.0,41.0,51.0,32.0,20.0,7.0,15.0,7.0,3.0,0.0,0.0,0.0,0.0,0.0,0.0,0.0,0.0,0.0,0.0,0.0,0.0,0.0,0.0,41989
119,Stirling (C),2674.0,2711.0,2646.0,2531.0,2470.0,2408.0,2393.0,2272.0,2361.0,2245.0,2250.0,2082.0,2203.0,2059.0,2084.0,2095.0,2153.0,2149.0,2070.0,2282.0,2413.0,2512.0,2600.0,2801.0,3060.0,3396.0,3711.0,3950.0,4073.0,4169.0,4323.0,4166.0,4077.0,3913.0,3743.0,3454.0,3232.0,3123.0,3036.0,2907.0,2927.0,2884.0,2881.0,2885.0,2975.0,2928.0,2817.0,2770.0,2556.0,2533.0,2421.0,2518.0,2579.0,2478.0,2535.0,2386.0,2378.0,2320.0,2292.0,2315.0,2213.0,2153.0,2106.0,2123.0,1931.0,1896.0,1859.0,1847.0,1825.0,1935.0,1500.0,1498.0,1530.0,1408.0,1418.0,1241.0,1318.0,1224.0,1259.0,1127.0,1094.0,996.0,899.0,862.0,841.0,729.0,741.0,593.0,588.0,506.0,425.0,332.0,250.0,225.0,186.0,119.0,82.0,51.0,35.0,20.0,6.0,4.0,0.0,4.0,0.0,0.0,0.0,0.0,0.0,0.0,0.0,0.0,0.0,0.0,0.0,0.0,210209
120,Subiaco (C),218.0,182.0,206.0,169.0,231.0,197.0,190.0,194.0,192.0,183.0,176.0,176.0,179.0,190.0,165.0,148.0,160.0,166.0,216.0,351.0,353.0,384.0,325.0,373.0,347.0,440.0,406.0,375.0,402.0,377.0,335.0,338.0,326.0,279.0,320.0,329.0,274.0,284.0,252.0,267.0,235.0,226.0,216.0,267.0,240.0,220.0,223.0,248.0,216.0,201.0,211.0,226.0,238.0,217.0,216.0,202.0,220.0,194.0,208.0,214.0,239.0,182.0,191.0,227.0,213.0,207.0,187.0,209.0,202.0,221.0,166.0,156.0,157.0,134.0,158.0,122.0,128.0,123.0,116.0,114.0,93.0,106.0,64.0,67.0,60.0,68.0,58.0,45.0,43.0,47.0,21.0,38.0,27.0,24.0,22.0,16.0,4.0,3.0,9.0,3.0,0.0,0.0,0.0,0.0,0.0,0.0,0.0,0.0,0.0,0.0,0.0,0.0,0.0,0.0,0.0,0.0,19363
121,Swan (C),1991.0,2031.0,2057.0,2001.0,1972.0,1942.0,1948.0,1926.0,2043.0,1875.0,1872.0,1862.0,1802.0,1906.0,1762.0,1821.0,1785.0,1837.0,1807.0,1770.0,1814.0,1836.0,1861.0,1917.0,1956.0,1982.0,2061.0,2029.0,2073.0,2193.0,2178.0,2143.0,2149.0,2216.0,2123.0,2075.0,1943.0,1909.0,1860.0,1811.0,1973.0,1863.0,1867.0,1982.0,2054.0,1996.0,1886.0,1934.0,1897.0,1873.0,1793.0,1716.0,1846.0,1747.0,1777.0,1691.0,1609.0,1548.0,1398.0,1376.0,1307.0,1313.0,1229.0,1173.0,1055.0,1126.0,1016.0,916.0,947.0,1003.0,795.0,709.0,697.0,631.0,617.0,534.0,536.0,472.0,456.0,416.0,370.0,342.0,304.0,302.0,231.0,253.0,216.0,183.0,162.0,122.0,103.0,101.0,69.0,46.0,24.0,32.0,25.0,21.0,11.0,10.0,6.0,0.0,0.0,0.0,0.0,0.0,0.0,0.0,0.0,0.0,0.0,0.0,0.0,0.0,0.0,0.0,133851
122,Tammin (S),3.0,9.0,13.0,0.0,4.0,9.0,4.0,4.0,6.0,18.0,3.0,4.0,10.0,3.0,0.0,0.0,7.0,0.0,3.0,0.0,5.0,0.0,0.0,5.0,4.0,5.0,8.0,3.0,0.0,0.0,6.0,0.0,6.0,7.0,5.0,3.0,7.0,8.0,6.0,5.0,0.0,5.0,3.0,5.0,7.0,3.0,3.0,8.0,3.0,12.0,7.0,7.0,7.0,8.0,8.0,5.0,7.0,5.0,3.0,7.0,5.0,3.0,6.0,0.0,3.0,0.0,9.0,0.0,5.0,0.0,4.0,0.0,0.0,5.0,4.0,5.0,0.0,6.0,0.0,0.0,0.0,5.0,0.0,0.0,3.0,0.0,0.0,0.0,0.0,0.0,0.0,0.0,0.0,0.0,0.0,0.0,0.0,0.0,0.0,0.0,0.0,0.0,0.0,0.0,0.0,0.0,0.0,0.0,0.0,0.0,0.0,0.0,0.0,0.0,0.0,0.0,401
123,Three Springs (S),13.0,8.0,5.0,14.0,11.0,11.0,6.0,15.0,12.0,13.0,16.0,8.0,5.0,5.0,0.0,5.0,4.0,0.0,0.0,3.0,7.0,9.0,0.0,6.0,0.0,9.0,3.0,5.0,6.0,7.0,3.0,4.0,9.0,16.0,13.0,4.0,4.0,8.0,3.0,10.0,9.0,11.0,6.0,3.0,6.0,13.0,11.0,10.0,5.0,0.0,12.0,7.0,7.0,5.0,5.0,4.0,12.0,8.0,7.0,9.0,3.0,3.0,12.0,11.0,12.0,5.0,7.0,14.0,4.0,12.0,6.0,5.0,4.0,7.0,9.0,0.0,4.0,0.0,0.0,4.0,0.0,0.0,0.0,0.0,8.0,3.0,4.0,4.0,0.0,3.0,7.0,0.0,0.0,0.0,0.0,0.0,0.0,0.0,0.0,0.0,0.0,0.0,0.0,0.0,0.0,0.0,0.0,0.0,0.0,0.0,0.0,0.0,0.0,0.0,0.0,0.0,592
124,Toodyay (S),35.0,34.0,44.0,50.0,45.0,39.0,46.0,30.0,51.0,43.0,48.0,52.0,51.0,47.0,42.0,53.0,53.0,52.0,36.0,30.0,34.0,35.0,30.0,41.0,31.0,21.0,20.0,27.0,28.0,27.0,34.0,33.0,32.0,38.0,41.0,41.0,35.0,38.0,41.0,49.0,38.0,35.0,42.0,49.0,53.0,70.0,65.0,65.0,82.0,85.0,89.0,67.0,85.0,83.0,94.0,86.0,101.0,111.0,78.0,85.0,74.0,58.0,90.0,82.0,95.0,95.0,100.0,96.0,105.0,84.0,71.0,38.0,67.0,49.0,38.0,47.0,45.0,32.0,32.0,27.0,23.0,18.0,10.0,17.0,17.0,8.0,0.0,6.0,5.0,5.0,0.0,3.0,3.0,0.0,0.0,0.0,0.0,0.0,0.0,0.0,0.0,0.0,0.0,0.0,0.0,0.0,0.0,0.0,0.0,0.0,0.0,0.0,0.0,0.0,0.0,0.0,4442
125,Trayning (S),0.0,0.0,4.0,0.0,0.0,7.0,3.0,6.0,4.0,3.0,6.0,3.0,10.0,0.0,0.0,3.0,0.0,0.0,0.0,8.0,3.0,6.0,0.0,8.0,7.0,5.0,5.0,5.0,5.0,0.0,0.0,7.0,0.0,0.0,0.0,4.0,0.0,4.0,5.0,6.0,0.0,0.0,9.0,4.0,3.0,6.0,8.0,10.0,4.0,5.0,5.0,3.0,4.0,12.0,14.0,11.0,5.0,5.0,6.0,0.0,7.0,8.0,6.0,8.0,5.0,8.0,4.0,5.0,8.0,3.0,10.0,4.0,3.0,5.0,10.0,4.0,0.0,3.0,0.0,0.0,0.0,0.0,0.0,0.0,0.0,0.0,0.0,0.0,0.0,3.0,0.0,0.0,3.0,0.0,0.0,0.0,0.0,0.0,0.0,0.0,0.0,0.0,0.0,0.0,0.0,0.0,0.0,0.0,0.0,0.0,0.0,0.0,0.0,0.0,0.0,0.0,348
126,Upper Gascoyne (S),9.0,4.0,5.0,0.0,12.0,5.0,7.0,5.0,3.0,3.0,3.0,8.0,4.0,5.0,0.0,6.0,8.0,4.0,7.0,0.0,4.0,6.0,4.0,6.0,12.0,6.0,7.0,4.0,5.0,6.0,10.0,6.0,4.0,5.0,0.0,5.0,4.0,3.0,6.0,0.0,4.0,0.0,3.0,4.0,4.0,8.0,0.0,0.0,0.0,7.0,7.0,4.0,0.0,4.0,4.0,0.0,6.0,3.0,0.0,0.0,0.0,0.0,4.0,6.0,0.0,4.0,0.0,0.0,0.0,5.0,0.0,4.0,7.0,0.0,4.0,0.0,0.0,0.0,0.0,0.0,0.0,0.0,0.0,0.0,0.0,0.0,0.0,0.0,0.0,0.0,0.0,0.0,0.0,0.0,0.0,0.0,0.0,0.0,0.0,0.0,0.0,0.0,0.0,0.0,0.0,0.0,0.0,0.0,0.0,0.0,0.0,0.0,0.0,0.0,0.0,0.0,280
127,Victoria Park (T),462.0,426.0,434.0,350.0,358.0,324.0,310.0,302.0,277.0,312.0,257.0,272.0,222.0,206.0,224.0,223.0,216.0,262.0,400.0,510.0,612.0,601.0,666.0,668.0,722.0,743.0,832.0,903.0,861.0,822.0,913.0,823.0,804.0,749.0,738.0,684.0,611.0,558.0,579.0,500.0,494.0,431.0,454.0,445.0,463.0,467.0,407.0,399.0,379.0,386.0,381.0,372.0,386.0,394.0,371.0,386.0,344.0,328.0,324.0,349.0,317.0,326.0,314.0,292.0,294.0,278.0,249.0,273.0,238.0,239.0,198.0,181.0,196.0,172.0,166.0,156.0,146.0,156.0,144.0,167.0,120.0,131.0,113.0,146.0,139.0,168.0,128.0,130.0,125.0,109.0,101.0,84.0,72.0,69.0,55.0,43.0,23.0,11.0,9.0,7.0,0.0,0.0,0.0,0.0,3.0,0.0,0.0,0.0,0.0,0.0,0.0,0.0,0.0,0.0,0.0,0.0,34990
128,Victoria Plains (S),12.0,21.0,11.0,11.0,15.0,11.0,13.0,15.0,23.0,8.0,11.0,0.0,8.0,4.0,9.0,9.0,5.0,6.0,9.0,11.0,3.0,6.0,4.0,0.0,10.0,6.0,17.0,8.0,9.0,9.0,8.0,12.0,6.0,12.0,13.0,9.0,6.0,13.0,21.0,7.0,8.0,8.0,17.0,8.0,12.0,18.0,19.0,22.0,17.0,10.0,24.0,15.0,31.0,10.0,17.0,24.0,12.0,27.0,17.0,11.0,10.0,13.0,6.0,9.0,4.0,17.0,8.0,8.0,7.0,12.0,7.0,12.0,11.0,9.0,13.0,13.0,6.0,11.0,3.0,0.0,6.0,5.0,6.0,0.0,0.0,0.0,0.0,0.0,0.0,0.0,0.0,0.0,0.0,0.0,0.0,0.0,0.0,0.0,0.0,0.0,0.0,0.0,0.0,0.0,0.0,0.0,0.0,0.0,0.0,0.0,0.0,0.0,0.0,0.0,0.0,0.0,913
129,Vincent (C),404.0,380.0,372.0,342.0,360.0,361.0,364.0,331.0,332.0,306.0,279.0,248.0,252.0,210.0,230.0,219.0,224.0,237.0,225.0,294.0,352.0,399.0,477.0,578.0,677.0,792.0,823.0,853.0,1000.0,909.0,956.0,894.0,868.0,813.0,718.0,684.0,637.0,627.0,598.0,496.0,472.0,493.0,497.0,452.0,521.0,482.0,457.0,449.0,423.0,434.0,398.0,388.0,421.0,377.0,405.0,378.0,353.0,372.0,381.0,335.0,316.0,295.0,304.0,256.0,265.0,261.0,224.0,227.0,227.0,226.0,155.0,157.0,137.0,128.0,138.0,108.0,119.0,139.0,123.0,123.0,101.0,122.0,94.0,91.0,72.0,110.0,80.0,76.0,97.0,50.0,55.0,51.0,26.0,26.0,28.0,27.0,7.0,9.0,4.0,7.0,3.0,4.0,0.0,0.0,0.0,0.0,0.0,0.0,0.0,0.0,0.0,0.0,0.0,0.0,0.0,0.0,33696
130,Wagin (S),13.0,17.0,16.0,22.0,21.0,36.0,17.0,31.0,28.0,28.0,22.0,20.0,26.0,18.0,19.0,19.0,17.0,20.0,15.0,14.0,6.0,12.0,15.0,23.0,12.0,20.0,6.0,7.0,6.0,16.0,12.0,16.0,16.0,21.0,21.0,10.0,16.0,14.0,23.0,20.0,28.0,22.0,28.0,20.0,12.0,16.0,30.0,25.0,19.0,21.0,34.0,18.0,27.0,29.0,26.0,38.0,27.0,34.0,30.0,36.0,32.0,29.0,24.0,37.0,24.0,40.0,21.0,33.0,27.0,35.0,24.0,22.0,29.0,15.0,20.0,20.0,21.0,19.0,16.0,16.0,10.0,19.0,7.0,3.0,6.0,12.0,10.0,7.0,7.0,3.0,3.0,5.0,4.0,8.0,0.0,0.0,0.0,0.0,0.0,0.0,0.0,0.0,0.0,0.0,0.0,0.0,0.0,0.0,0.0,0.0,0.0,0.0,0.0,0.0,0.0,0.0,1850
131,Wandering (S),6.0,5.0,5.0,4.0,6.0,8.0,10.0,5.0,6.0,11.0,6.0,8.0,3.0,5.0,0.0,0.0,0.0,3.0,3.0,0.0,0.0,6.0,3.0,0.0,4.0,3.0,0.0,0.0,0.0,0.0,9.0,6.0,8.0,3.0,3.0,0.0,6.0,9.0,3.0,6.0,11.0,3.0,0.0,6.0,4.0,6.0,6.0,10.0,5.0,11.0,6.0,11.0,5.0,9.0,7.0,7.0,6.0,5.0,9.0,5.0,7.0,5.0,4.0,4.0,14.0,6.0,7.0,10.0,3.0,3.0,0.0,7.0,4.0,6.0,3.0,0.0,5.0,5.0,0.0,5.0,4.0,4.0,7.0,0.0,0.0,0.0,0.0,0.0,0.0,0.0,0.0,0.0,0.0,0.0,0.0,0.0,0.0,0.0,0.0,0.0,0.0,0.0,0.0,0.0,0.0,0.0,0.0,0.0,0.0,0.0,0.0,0.0,0.0,0.0,0.0,0.0,448
132,Wanneroo (C),2870.0,3005.0,3075.0,3065.0,2978.0,3015.0,3021.0,2932.0,2984.0,2923.0,2836.0,2684.0,2683.0,2563.0,2586.0,2662.0,2701.0,2739.0,2686.0,2648.0,2532.0,2651.0,2495.0,2510.0,2604.0,2783.0,2751.0,2684.0,2890.0,3066.0,3027.0,3108.0,3075.0,3114.0,2962.0,2890.0,2893.0,2775.0,2813.0,2679.0,2817.0,2814.0,2862.0,2833.0,2928.0,3110.0,2792.0,2781.0,2700.0,2546.0,2537.0,2410.0,2320.0,2324.0,2125.0,2115.0,1929.0,1866.0,1760.0,1692.0,1550.0,1566.0,1450.0,1414.0,1350.0,1362.0,1295.0,1262.0,1289.0,1351.0,974.0,958.0,949.0,812.0,872.0,752.0,764.0,705.0,647.0,575.0,526.0,466.0,384.0,429.0,389.0,322.0,280.0,256.0,206.0,175.0,183.0,118.0,87.0,77.0,56.0,39.0,42.0,21.0,17.0,5.0,4.0,0.0,3.0,0.0,0.0,0.0,0.0,0.0,0.0,0.0,0.0,0.0,0.0,0.0,0.0,0.0,188216
133,Waroona (S),44.0,44.0,52.0,44.0,45.0,47.0,63.0,48.0,64.0,40.0,57.0,62.0,61.0,55.0,57.0,56.0,50.0,54.0,48.0,41.0,37.0,37.0,43.0,39.0,34.0,46.0,34.0,32.0,32.0,37.0,46.0,53.0,47.0,42.0,35.0,52.0,48.0,41.0,47.0,38.0,35.0,38.0,54.0,55.0,51.0,64.0,64.0,48.0,67.0,54.0,74.0,54.0,52.0,75.0,66.0,73.0,60.0,60.0,75.0,50.0,69.0,53.0,64.0,65.0,57.0,60.0,68.0,65.0,49.0,55.0,35.0,31.0,35.0,36.0,46.0,38.0,43.0,32.0,37.0,37.0,26.0,11.0,25.0,24.0,15.0,21.0,12.0,7.0,5.0,3.0,8.0,8.0,16.0,3.0,0.0,6.0,0.0,6.0,0.0,0.0,0.0,0.0,0.0,0.0,0.0,0.0,0.0,0.0,0.0,0.0,0.0,0.0,0.0,0.0,0.0,0.0,4150
134,West Arthur (S),12.0,8.0,8.0,21.0,13.0,9.0,12.0,14.0,19.0,3.0,9.0,7.0,6.0,8.0,11.0,8.0,3.0,0.0,6.0,9.0,4.0,7.0,6.0,3.0,0.0,3.0,10.0,9.0,12.0,5.0,9.0,9.0,5.0,15.0,0.0,11.0,7.0,9.0,3.0,7.0,13.0,10.0,7.0,5.0,15.0,16.0,10.0,21.0,17.0,17.0,16.0,13.0,14.0,26.0,10.0,14.0,15.0,22.0,16.0,12.0,7.0,10.0,19.0,12.0,8.0,12.0,10.0,7.0,14.0,20.0,0.0,4.0,6.0,5.0,3.0,8.0,5.0,13.0,0.0,3.0,4.0,10.0,0.0,0.0,0.0,4.0,6.0,3.0,3.0,0.0,3.0,0.0,0.0,0.0,0.0,0.0,0.0,0.0,0.0,0.0,0.0,0.0,0.0,0.0,0.0,0.0,0.0,0.0,0.0,0.0,0.0,0.0,0.0,0.0,0.0,0.0,805
135,Westonia (S),0.0,5.0,5.0,8.0,5.0,3.0,4.0,4.0,0.0,0.0,4.0,0.0,4.0,0.0,6.0,5.0,0.0,0.0,0.0,0.0,5.0,8.0,3.0,0.0,0.0,0.0,0.0,4.0,4.0,3.0,9.0,4.0,0.0,3.0,4.0,13.0,9.0,5.0,11.0,3.0,3.0,4.0,3.0,0.0,11.0,0.0,3.0,0.0,4.0,8.0,6.0,3.0,7.0,9.0,5.0,0.0,6.0,3.0,4.0,7.0,6.0,4.0,8.0,3.0,5.0,3.0,0.0,3.0,0.0,0.0,9.0,3.0,0.0,0.0,0.0,4.0,0.0,6.0,0.0,0.0,0.0,4.0,0.0,0.0,0.0,0.0,0.0,0.0,0.0,0.0,0.0,0.0,0.0,0.0,0.0,0.0,0.0,0.0,0.0,0.0,0.0,0.0,0.0,0.0,0.0,0.0,0.0,0.0,0.0,0.0,0.0,0.0,0.0,0.0,0.0,0.0,307
136,Wickepin (S),13.0,5.0,12.0,8.0,10.0,14.0,15.0,12.0,12.0,12.0,5.0,6.0,5.0,5.0,10.0,12.0,0.0,11.0,8.0,3.0,4.0,5.0,4.0,5.0,4.0,13.0,6.0,9.0,6.0,12.0,11.0,9.0,14.0,5.0,10.0,7.0,6.0,13.0,8.0,14.0,9.0,11.0,4.0,9.0,8.0,8.0,7.0,9.0,9.0,10.0,11.0,18.0,10.0,17.0,12.0,18.0,12.0,15.0,9.0,14.0,10.0,17.0,9.0,7.0,0.0,9.0,14.0,3.0,9.0,11.0,9.0,5.0,7.0,9.0,6.0,6.0,0.0,3.0,4.0,9.0,11.0,0.0,8.0,0.0,6.0,0.0,3.0,0.0,4.0,0.0,0.0,0.0,0.0,0.0,0.0,0.0,0.0,0.0,0.0,0.0,0.0,0.0,0.0,0.0,0.0,0.0,0.0,0.0,0.0,0.0,0.0,0.0,0.0,0.0,0.0,0.0,720
137,Williams (S),22.0,18.0,19.0,14.0,12.0,9.0,22.0,21.0,14.0,11.0,8.0,16.0,8.0,8.0,0.0,6.0,6.0,3.0,4.0,5.0,4.0,7.0,13.0,9.0,5.0,6.0,8.0,15.0,18.0,11.0,11.0,26.0,16.0,16.0,18.0,11.0,7.0,8.0,9.0,14.0,16.0,14.0,12.0,6.0,11.0,12.0,9.0,11.0,19.0,14.0,8.0,18.0,3.0,11.0,15.0,20.0,18.0,14.0,17.0,27.0,16.0,19.0,18.0,16.0,15.0,12.0,10.0,9.0,4.0,12.0,16.0,8.0,14.0,12.0,11.0,7.0,6.0,4.0,4.0,6.0,5.0,9.0,4.0,0.0,3.0,0.0,6.0,0.0,3.0,0.0,0.0,6.0,0.0,0.0,0.0,0.0,0.0,0.0,0.0,0.0,0.0,0.0,0.0,0.0,0.0,0.0,0.0,0.0,0.0,0.0,0.0,0.0,0.0,0.0,0.0,0.0,979
138,Wiluna (S),0.0,11.0,12.0,8.0,9.0,7.0,6.0,7.0,4.0,6.0,3.0,6.0,3.0,0.0,0.0,4.0,0.0,9.0,10.0,9.0,4.0,4.0,9.0,14.0,20.0,16.0,25.0,14.0,13.0,24.0,25.0,26.0,30.0,15.0,12.0,16.0,15.0,8.0,19.0,19.0,9.0,7.0,17.0,12.0,20.0,15.0,14.0,7.0,4.0,13.0,18.0,7.0,11.0,16.0,7.0,7.0,11.0,10.0,6.0,9.0,7.0,7.0,6.0,8.0,5.0,14.0,6.0,4.0,0.0,3.0,0.0,4.0,0.0,0.0,0.0,0.0,5.0,0.0,0.0,0.0,0.0,0.0,0.0,0.0,0.0,0.0,0.0,0.0,0.0,0.0,0.0,0.0,0.0,0.0,0.0,0.0,0.0,0.0,0.0,0.0,0.0,0.0,0.0,0.0,0.0,0.0,0.0,0.0,0.0,0.0,0.0,0.0,0.0,0.0,0.0,0.0,745
139,Wongan-Ballidu (S),19.0,14.0,14.0,25.0,19.0,26.0,31.0,23.0,18.0,26.0,19.0,23.0,13.0,9.0,15.0,8.0,13.0,3.0,11.0,7.0,15.0,12.0,10.0,12.0,16.0,6.0,12.0,14.0,18.0,24.0,16.0,14.0,21.0,23.0,19.0,22.0,13.0,17.0,17.0,17.0,17.0,16.0,18.0,12.0,27.0,10.0,20.0,19.0,15.0,18.0,15.0,15.0,20.0,34.0,20.0,23.0,18.0,30.0,15.0,13.0,29.0,28.0,14.0,22.0,20.0,16.0,15.0,16.0,12.0,13.0,15.0,15.0,15.0,7.0,6.0,10.0,0.0,11.0,6.0,4.0,4.0,0.0,3.0,7.0,6.0,0.0,5.0,8.0,0.0,0.0,3.0,0.0,0.0,0.0,0.0,0.0,0.0,0.0,0.0,0.0,0.0,0.0,0.0,0.0,0.0,0.0,0.0,0.0,0.0,0.0,0.0,0.0,0.0,0.0,0.0,0.0,1334
140,Woodanilling (S),9.0,3.0,10.0,6.0,8.0,7.0,6.0,8.0,5.0,4.0,3.0,10.0,9.0,6.0,0.0,0.0,4.0,0.0,4.0,4.0,0.0,9.0,3.0,6.0,0.0,5.0,0.0,6.0,3.0,5.0,3.0,0.0,0.0,7.0,4.0,4.0,11.0,7.0,0.0,0.0,4.0,4.0,6.0,3.0,5.0,4.0,4.0,10.0,10.0,3.0,4.0,10.0,10.0,10.0,13.0,0.0,8.0,17.0,9.0,5.0,12.0,0.0,5.0,0.0,11.0,5.0,7.0,7.0,6.0,0.0,0.0,7.0,3.0,5.0,4.0,3.0,6.0,0.0,0.0,0.0,0.0,0.0,0.0,0.0,0.0,0.0,0.0,0.0,0.0,0.0,0.0,0.0,0.0,0.0,0.0,0.0,0.0,0.0,0.0,0.0,0.0,0.0,0.0,0.0,0.0,0.0,0.0,0.0,0.0,0.0,0.0,0.0,0.0,0.0,0.0,0.0,409
141,Wyalkatchem (S),9.0,8.0,6.0,8.0,3.0,6.0,3.0,9.0,3.0,5.0,7.0,6.0,6.0,0.0,4.0,0.0,0.0,0.0,0.0,5.0,4.0,4.0,4.0,3.0,4.0,5.0,4.0,7.0,11.0,14.0,4.0,7.0,0.0,5.0,3.0,9.0,5.0,9.0,4.0,4.0,4.0,3.0,0.0,5.0,6.0,4.0,11.0,3.0,5.0,4.0,7.0,8.0,13.0,7.0,8.0,14.0,9.0,10.0,10.0,3.0,9.0,8.0,9.0,3.0,18.0,11.0,7.0,14.0,7.0,7.0,4.0,7.0,10.0,11.0,10.0,9.0,5.0,6.0,12.0,10.0,0.0,6.0,0.0,0.0,3.0,3.0,4.0,0.0,0.0,3.0,0.0,0.0,0.0,0.0,0.0,5.0,0.0,0.0,0.0,0.0,0.0,0.0,0.0,0.0,0.0,0.0,0.0,0.0,0.0,0.0,0.0,0.0,0.0,0.0,0.0,0.0,511
142,Wyndham-East Kimberley (S),119.0,128.0,128.0,109.0,134.0,111.0,117.0,117.0,102.0,110.0,86.0,109.0,107.0,98.0,71.0,93.0,74.0,73.0,85.0,86.0,103.0,85.0,86.0,129.0,109.0,92.0,136.0,125.0,131.0,129.0,143.0,116.0,127.0,106.0,118.0,112.0,101.0,111.0,91.0,90.0,120.0,92.0,99.0,120.0,90.0,130.0,90.0,100.0,91.0,111.0,102.0,97.0,87.0,123.0,114.0,108.0,105.0,102.0,83.0,79.0,70.0,88.0,64.0,76.0,45.0,61.0,36.0,49.0,39.0,33.0,32.0,25.0,25.0,28.0,23.0,14.0,20.0,11.0,16.0,0.0,8.0,0.0,4.0,4.0,5.0,3.0,0.0,3.0,3.0,0.0,0.0,0.0,0.0,0.0,0.0,0.0,0.0,0.0,0.0,0.0,0.0,0.0,0.0,0.0,0.0,0.0,0.0,0.0,0.0,0.0,0.0,0.0,0.0,0.0,0.0,0.0,7152
143,Yalgoo (S),3.0,4.0,0.0,0.0,0.0,6.0,0.0,3.0,7.0,0.0,4.0,0.0,4.0,0.0,0.0,3.0,6.0,3.0,4.0,5.0,8.0,4.0,5.0,4.0,9.0,0.0,5.0,12.0,14.0,9.0,9.0,5.0,3.0,6.0,9.0,8.0,8.0,4.0,0.0,6.0,0.0,0.0,13.0,3.0,6.0,8.0,8.0,3.0,3.0,7.0,0.0,4.0,7.0,7.0,9.0,7.0,3.0,5.0,5.0,9.0,13.0,4.0,3.0,0.0,4.0,0.0,4.0,0.0,0.0,9.0,0.0,0.0,0.0,0.0,0.0,0.0,3.0,0.0,0.0,0.0,4.0,0.0,0.0,0.0,0.0,0.0,0.0,0.0,0.0,4.0,0.0,0.0,0.0,0.0,0.0,0.0,0.0,0.0,0.0,0.0,0.0,0.0,0.0,0.0,0.0,0.0,0.0,0.0,0.0,0.0,0.0,0.0,0.0,0.0,0.0,0.0,338
144,Yilgarn (S),7.0,9.0,14.0,10.0,10.0,11.0,15.0,14.0,14.0,14.0,17.0,18.0,6.0,5.0,4.0,3.0,0.0,7.0,10.0,10.0,6.0,10.0,5.0,9.0,10.0,18.0,23.0,17.0,22.0,21.0,15.0,18.0,11.0,14.0,21.0,17.0,14.0,14.0,17.0,14.0,22.0,18.0,10.0,22.0,22.0,30.0,15.0,22.0,26.0,21.0,33.0,36.0,25.0,21.0,21.0,21.0,25.0,19.0,16.0,20.0,13.0,10.0,15.0,23.0,10.0,24.0,13.0,15.0,13.0,20.0,8.0,4.0,7.0,6.0,6.0,8.0,11.0,5.0,6.0,3.0,3.0,5.0,3.0,5.0,0.0,5.0,0.0,0.0,5.0,0.0,0.0,0.0,0.0,0.0,0.0,0.0,0.0,0.0,0.0,0.0,0.0,0.0,0.0,0.0,0.0,0.0,0.0,0.0,0.0,0.0,0.0,0.0,0.0,0.0,0.0,0.0,1201
145,York (S),29.0,29.0,43.0,43.0,49.0,50.0,28.0,54.0,37.0,52.0,33.0,30.0,40.0,46.0,46.0,31.0,42.0,31.0,29.0,19.0,14.0,25.0,26.0,32.0,24.0,16.0,12.0,18.0,29.0,23.0,25.0,35.0,31.0,33.0,35.0,39.0,33.0,24.0,34.0,37.0,25.0,35.0,39.0,22.0,28.0,45.0,45.0,55.0,43.0,54.0,51.0,70.0,49.0,51.0,62.0,62.0,61.0,61.0,60.0,66.0,71.0,65.0,73.0,45.0,75.0,83.0,72.0,63.0,69.0,72.0,46.0,44.0,53.0,52.0,45.0,33.0,29.0,39.0,33.0,33.0,30.0,20.0,13.0,17.0,22.0,14.0,10.0,15.0,10.0,7.0,8.0,5.0,8.0,3.0,0.0,0.0,0.0,0.0,0.0,0.0,0.0,0.0,0.0,0.0,0.0,0.0,0.0,0.0,0.0,0.0,0.0,0.0,0.0,0.0,0.0,0.0,3604
146,No usual address (WA),39.0,28.0,32.0,32.0,32.0,26.0,32.0,31.0,22.0,30.0,22.0,25.0,16.0,17.0,21.0,19.0,20.0,21.0,35.0,64.0,82.0,82.0,92.0,107.0,141.0,123.0,137.0,138.0,143.0,152.0,155.0,137.0,112.0,93.0,116.0,74.0,96.0,85.0,103.0,91.0,86.0,96.0,83.0,99.0,97.0,105.0,91.0,107.0,71.0,77.0,104.0,93.0,97.0,107.0,110.0,126.0,93.0,81.0,109.0,98.0,112.0,88.0,103.0,91.0,84.0,87.0,123.0,94.0,74.0,66.0,51.0,42.0,45.0,37.0,21.0,22.0,21.0,13.0,9.0,5.0,8.0,7.0,4.0,0.0,0.0,4.0,0.0,0.0,0.0,8.0,3.0,3.0,0.0,0.0,0.0,0.0,0.0,6.0,0.0,0.0,0.0,0.0,0.0,0.0,0.0,0.0,0.0,0.0,0.0,0.0,0.0,0.0,0.0,0.0,0.0,0.0,5950
147,Migratory - Offshore - Shipping (WA),0.0,0.0,0.0,0.0,0.0,0.0,0.0,0.0,0.0,0.0,0.0,0.0,0.0,0.0,0.0,0.0,0.0,0.0,0.0,0.0,0.0,0.0,8.0,9.0,3.0,7.0,6.0,11.0,5.0,15.0,21.0,18.0,20.0,11.0,20.0,13.0,7.0,17.0,11.0,15.0,20.0,10.0,14.0,15.0,9.0,14.0,6.0,10.0,18.0,8.0,12.0,4.0,7.0,11.0,11.0,8.0,6.0,3.0,9.0,3.0,3.0,4.0,0.0,0.0,4.0,0.0,0.0,0.0,0.0,0.0,0.0,0.0,0.0,0.0,0.0,0.0,0.0,0.0,0.0,0.0,0.0,0.0,0.0,0.0,0.0,0.0,0.0,0.0,0.0,0.0,0.0,0.0,0.0,0.0,0.0,0.0,0.0,0.0,0.0,0.0,0.0,0.0,0.0,0.0,0.0,0.0,0.0,0.0,0.0,0.0,0.0,0.0,0.0,0.0,0.0,0.0,431
148,Age Totals,31097.0,32754.0,32629.0,32783.0,32463.0,32910.0,32950.0,32321.0,33056.0,32910.0,31849.0,30293.0,30015.0,29416.0,29232.0,29932.0,30107.0,30444.0,29447.0,30068.0,30887.0,31687.0,31790.0,32675.0,33296.0,34906.0,36651.0,36937.0,37868.0,38553.0,39893.0,38981.0,38944.0,38635.0,37811.0,36688.0,35283.0,34296.0,33651.0,33123.0,33566.0,33426.0,33890.0,34603.0,36507.0,37089.0,34804.0,34832.0,33294.0,32498.0,32405.0,32175.0,32763.0,32878.0,32223.0,31946.0,30835.0,29836.0,28984.0,28296.0,28373.0,26834.0,26223.0,25676.0,25042.0,24569.0,23443.0,22712.0,22596.0,23431.0,18393.0,17308.0,17121.0,14974.0,15117.0,13630.0,13079.0,12397.0,11685.0,10714.0,9994.0,9285.0,8206.0,7896.0,7209.0,6831.0,6167.0,5251.0,4819.0,4112.0,3508.0,2909.0,2330.0,1851.0,1449.0,1107.0,835.0,440.0,376.0,232.0,92.0,46.0,23.0,18.0,11.0,5.0,9.0,0.0,0.0,0.0,0.0,0.0,0.0,0.0,0.0,0.0,2474414
