,,,,,,,,,,,,,,,,,,,,,,,,,,,,,,,,,,,,,,,,,,,,,,,,,,,,,,,,,,,,,,,,,,,,,,,,,,,,,,,,,,,,,,,,,,,,,,,,,,,,,,,,,,,,,,,,,,,,,,
"2016 Census - Counting Persons, Place of Usual Residence (MB)",,,,,,,,,,,,,,,,,,,,,,,,,,,,,,,,,,,,,,,,,,,,,,,,,,,,,,,,,,,,,,,,,,,,,,,,,,,,,,,,,,,,,,,,,,,,,,,,,,,,,,,,,,,,,,,,,,,,,,
LGA (UR) by AGEP Age,,,,,,,,,,,,,,,,,,,,,,,,,,,,,,,,,,,,,,,,,,,,,,,,,,,,,,,,,,,,,,,,,,,,,,,,,,,,,,,,,,,,,,,,,,,,,,,,,,,,,,,,,,,,,,,,,,,,,,
Counting: Persons Place of Usual Residence,,,,,,,,,,,,,,,,,,,,,,,,,,,,,,,,,,,,,,,,,,,,,,,,,,,,,,,,,,,,,,,,,,,,,,,,,,,,,,,,,,,,,,,,,,,,,,,,,,,,,,,,,,,,,,,,,,,,,,
,,,,,,,,,,,,,,,,,,,,,,,,,,,,,,,,,,,,,,,,,,,,,,,,,,,,,,,,,,,,,,,,,,,,,,,,,,,,,,,,,,,,,,,,,,,,,,,,,,,,,,,,,,,,,,,,,,,,,,
Filters:,,,,,,,,,,,,,,,,,,,,,,,,,,,,,,,,,,,,,,,,,,,,,,,,,,,,,,,,,,,,,,,,,,,,,,,,,,,,,,,,,,,,,,,,,,,,,,,,,,,,,,,,,,,,,,,,,,,,,,
Default Summation,Persons Place of Usual Residence,,,,,,,,,,,,,,,,,,,,,,,,,,,,,,,,,,,,,,,,,,,,,,,,,,,,,,,,,,,,,,,,,,,,,,,,,,,,,,,,,,,,,,,,,,,,,,,,,,,,,,,,,,,,,,,,,,,,,
,,,,,,,,,,,,,,,,,,,,,,,,,,,,,,,,,,,,,,,,,,,,,,,,,,,,,,,,,,,,,,,,,,,,,,,,,,,,,,,,,,,,,,,,,,,,,,,,,,,,,,,,,,,,,,,,,,,,,,
AGEP Age,,0,1,2,3,4,5,6,7,8,9,10,11,12,13,14,15,16,17,18,19,20,21,22,23,24,25,26,27,28,29,30,31,32,33,34,35,36,37,38,39,40,41,42,43,44,45,46,47,48,49,50,51,52,53,54,55,56,57,58,59,60,61,62,63,64,65,66,67,68,69,70,71,72,73,74,75,76,77,78,79,80,81,82,83,84,85,86,87,88,89,90,91,92,93,94,95,96,97,98,99,100,101,102,103,104,105,106,107,108,109,110,111,112,113,114,115,Total
,LGA (UR),,,,,,,,,,,,,,,,,,,,,,,,,,,,,,,,,,,,,,,,,,,,,,,,,,,,,,,,,,,,,,,,,,,,,,,,,,,,,,,,,,,,,,,,,,,,,,,,,,,,,,,,,,,,,,,,,,,,,
,Albany (C),374,348,413,434,418,376,461,437,486,520,489,435,542,492,550,507,515,542,478,359,369,353,356,351,341,350,402,356,381,435,427,370,399,364,384,392,374,406,367,413,436,410,456,448,477,517,476,536,479,472,474,484,448,520,521,579,495,583,508,487,515,467,498,499,485,541,504,463,415,461,351,347,345,364,362,263,290,290,281,248,222,238,175,194,163,171,150,131,108,110,84,64,64,43,39,25,23,9,9,9,0,3,0,0,4,0,0,0,0,0,0,0,0,0,0,0,36585
,Armadale (C),1397,1490,1417,1378,1280,1271,1204,1088,1216,1106,1086,983,971,903,932,903,944,951,977,913,1012,1025,1040,1087,1072,1200,1290,1296,1347,1368,1472,1495,1496,1417,1354,1361,1289,1289,1126,1059,1026,992,1048,1079,1056,1037,992,1018,966,912,971,916,936,948,1005,946,866,839,820,816,820,742,748,782,759,696,665,654,672,676,526,472,429,414,364,369,330,319,301,262,237,242,186,159,162,175,134,134,92,104,61,48,58,24,29,28,16,9,9,5,0,0,0,0,0,0,0,0,0,0,0,0,0,0,0,0,79596
,Ashburton (S),135,142,141,142,141,139,130,138,123,118,88,77,80,61,65,47,38,57,45,54,55,81,82,154,188,202,286,343,368,409,376,362,371,375,364,365,324,302,326,310,277,283,272,320,284,305,239,265,225,241,232,245,220,216,225,213,181,171,153,146,142,100,99,82,62,49,43,24,15,25,11,12,9,0,3,10,0,0,8,0,0,4,4,0,0,3,0,0,0,0,0,0,0,0,0,0,0,0,0,0,0,0,0,0,0,0,0,0,0,0,0,0,0,0,0,0,13026
,Augusta-Margaret River (S),191,215,201,213,203,210,249,204,214,221,175,218,200,187,192,181,164,151,116,93,77,72,88,81,115,134,126,145,148,158,225,185,195,215,228,261,208,236,248,229,224,221,225,262,221,250,219,204,196,195,189,184,166,197,175,179,202,228,162,203,200,187,167,186,186,184,156,154,112,147,98,116,109,85,96,71,79,77,61,61,61,49,38,38,42,31,36,26,26,27,13,18,11,12,8,8,6,0,9,0,0,0,0,0,0,0,0,0,0,0,0,0,0,0,0,0,14257
,Bassendean (T),200,203,222,199,174,213,188,180,152,191,180,146,144,160,145,171,147,151,162,194,145,175,147,163,184,182,190,192,222,235,248,258,255,215,242,248,239,210,212,219,220,202,212,234,244,259,192,228,201,210,201,206,199,193,205,206,193,189,184,168,182,163,160,152,187,171,145,139,136,157,141,103,106,86,98,97,97,82,94,55,77,60,83,62,59,44,37,42,55,40,29,15,17,12,15,10,5,4,3,4,0,0,0,0,0,0,0,0,0,0,0,0,0,0,0,0,15093
,Bayswater (C),814,808,749,682,762,736,699,643,680,683,648,590,545,584,558,582,574,604,615,733,780,840,846,851,940,1021,1104,1200,1262,1254,1284,1308,1227,1218,1141,1150,985,1031,951,920,891,885,876,916,1005,917,822,879,790,821,747,804,801,765,839,799,816,692,755,688,721,730,729,685,660,624,613,611,614,633,518,500,488,383,396,393,382,377,361,309,328,279,260,250,222,193,203,196,169,133,132,113,109,68,59,25,32,18,20,14,9,0,0,0,0,0,0,0,0,0,0,0,0,0,0,0,64674
,Belmont (C),539,578,516,518,476,430,406,459,383,390,353,357,344,300,344,313,345,310,367,443,578,615,664,700,752,823,858,887,954,863,856,883,868,796,780,729,650,614,609,548,535,533,555,510,508,512,483,436,450,473,454,397,424,448,444,490,443,420,399,399,368,383,393,346,345,319,290,331,309,306,278,230,228,218,210,248,210,183,214,180,179,173,170,160,106,134,127,96,91,80,75,44,49,33,31,13,21,8,9,5,0,0,0,0,0,0,0,0,0,0,0,0,0,0,0,0,39685
,Beverley (S),10,13,25,9,15,11,17,21,10,21,27,32,11,22,17,11,12,5,7,12,14,7,10,6,13,8,16,10,11,14,11,14,18,18,16,20,15,13,15,19,9,21,29,14,16,23,18,27,30,17,24,26,18,37,29,32,31,35,25,34,37,35,35,35,28,34,30,31,31,44,25,23,28,31,25,22,12,15,24,21,11,11,6,16,7,5,4,8,0,4,0,4,3,0,3,0,0,0,0,0,0,0,0,0,0,0,0,0,0,0,0,0,0,0,0,0,1749
,Boddington (S),19,28,32,41,24,24,23,25,37,29,29,25,14,25,19,15,14,17,8,19,19,10,14,19,11,19,21,15,15,19,31,26,28,25,32,21,27,33,45,22,30,17,34,34,20,38,20,28,35,23,25,45,30,24,30,24,32,15,17,30,26,25,30,20,25,14,20,23,18,21,14,12,9,20,11,17,14,5,3,4,11,4,0,7,0,0,0,0,0,0,0,0,0,4,0,0,0,0,0,0,0,0,0,0,0,0,0,0,0,0,0,0,0,0,0,0,1846
,Boyup Brook (S),24,18,20,23,26,24,28,25,28,34,13,23,24,18,18,17,15,13,9,5,8,9,7,5,8,7,11,7,5,14,16,14,17,13,17,22,21,21,19,24,21,21,25,18,24,20,29,23,24,30,19,21,38,39,26,39,16,35,25,29,17,26,17,31,31,24,28,28,32,25,31,19,20,25,13,13,14,10,15,12,14,7,3,9,8,8,3,0,4,8,3,0,0,3,3,0,0,0,0,0,0,0,0,0,0,0,0,0,0,0,0,0,0,0,0,0,1702
,Bridgetown-Greenbushes (S),34,36,45,47,48,49,52,58,60,72,70,65,69,66,47,71,46,56,41,40,20,26,26,28,28,15,26,27,37,30,27,36,35,34,33,42,41,47,49,50,52,54,58,61,59,79,54,55,76,61,57,67,64,89,94,67,81,79,85,72,88,79,86,99,87,99,79,89,84,80,69,68,50,56,51,49,41,43,36,28,20,25,18,19,17,19,15,11,16,10,3,6,5,0,0,5,3,0,0,0,0,0,0,0,0,0,0,0,0,0,0,0,0,0,0,0,4661
,Brookton (S),19,10,14,12,14,9,18,17,9,15,5,11,0,6,4,3,9,4,11,8,12,0,9,14,8,8,10,9,7,8,4,9,10,10,10,9,19,11,9,7,6,7,7,13,13,23,15,25,13,6,20,10,18,13,16,11,6,10,10,18,12,11,12,12,18,15,18,17,25,9,11,6,16,8,14,6,13,11,8,8,7,5,7,5,4,0,0,0,9,7,3,3,0,4,5,0,0,0,0,0,0,0,0,0,0,0,0,0,0,0,0,0,0,0,0,0,974
,Broome (S),246,241,271,289,260,283,271,271,282,276,254,256,208,222,243,183,183,185,169,137,176,154,157,183,206,240,268,293,282,288,325,305,321,294,249,279,288,236,280,280,250,236,264,247,248,253,216,227,233,221,202,201,239,205,217,225,234,189,185,214,217,169,148,141,126,116,95,80,90,90,66,61,68,51,56,36,41,27,28,24,22,9,15,15,15,8,16,5,4,4,3,5,3,0,0,0,0,0,0,0,0,0,0,0,0,0,0,0,0,0,0,0,0,0,0,0,16217
,Broomehill-Tambellup (S),27,15,26,18,26,23,23,11,15,19,20,19,10,7,15,9,13,11,8,9,10,9,7,9,12,10,12,12,19,10,18,14,16,25,17,13,17,5,12,11,6,13,15,12,16,11,14,15,13,16,26,21,18,20,17,15,20,11,18,14,23,15,16,23,8,9,16,7,6,13,9,11,9,7,4,10,17,12,7,0,6,0,5,3,7,0,3,0,0,0,0,0,0,0,0,0,0,0,0,0,0,0,0,0,0,0,0,0,0,0,0,0,0,0,0,0,1142
,Bruce Rock (S),13,5,10,13,10,17,9,15,23,8,18,8,15,16,8,6,3,3,8,5,6,7,3,4,8,9,8,7,8,6,11,7,11,18,12,10,11,3,6,11,20,13,9,12,7,7,12,15,11,11,10,13,10,11,13,13,12,16,14,19,13,22,15,16,17,25,17,9,25,16,17,15,8,3,7,6,15,6,5,7,6,4,5,7,5,0,3,0,0,3,0,0,5,0,0,0,0,0,0,0,0,0,0,0,0,0,0,0,0,0,0,0,0,0,0,0,926
,Bunbury (C),339,376,418,351,380,373,379,385,380,394,375,350,349,317,377,360,396,363,306,337,327,347,362,399,406,404,452,399,428,441,427,403,400,422,413,430,405,397,400,400,361,351,415,423,415,463,421,436,426,418,413,453,422,452,416,489,461,472,473,414,453,401,391,390,365,390,371,357,383,380,320,315,273,230,241,220,221,233,169,205,164,180,149,144,120,143,97,124,90,82,85,54,61,46,29,22,17,8,5,5,4,0,0,0,0,0,0,0,0,0,0,0,0,0,0,0,31920
,Busselton (C),390,436,428,487,501,483,574,513,557,555,523,503,488,515,510,522,447,478,390,287,275,294,285,308,296,303,299,328,328,365,395,421,429,458,458,446,474,469,467,431,484,526,518,542,588,613,525,492,483,480,477,467,459,515,442,488,464,440,470,488,493,468,489,497,438,503,488,476,441,545,397,371,370,305,350,277,285,236,244,227,207,174,176,160,143,141,132,108,101,83,71,57,47,32,25,22,10,9,7,0,0,0,0,0,0,0,0,0,0,0,0,0,0,0,0,0,36688
,Cambridge (T),243,270,297,366,337,413,401,440,412,455,464,400,391,354,399,368,372,355,295,309,299,329,269,308,327,310,301,302,257,263,273,278,264,304,302,353,291,317,321,337,357,377,385,427,461,472,445,436,436,393,368,374,384,378,358,360,372,349,314,347,313,281,287,276,256,243,218,205,225,200,198,186,161,180,153,161,163,137,155,157,158,132,133,123,126,106,116,91,93,91,68,69,49,31,42,32,12,11,7,6,0,0,0,0,0,0,0,0,0,0,0,0,0,0,0,0,26782
,Canning (C),946,1090,1018,1031,999,1127,1114,998,1076,1113,1097,1100,1072,1118,959,1138,1152,1189,1297,1447,1709,1698,1713,1664,1507,1569,1613,1578,1524,1485,1514,1413,1422,1401,1416,1370,1266,1246,1204,1169,1147,1212,1149,1181,1226,1195,1224,1244,1127,1050,1104,1103,1063,1100,1040,1011,1077,1007,995,950,963,946,987,876,868,859,838,797,783,760,616,535,616,492,520,464,417,391,391,381,348,284,279,252,237,204,234,185,175,164,134,102,102,71,47,49,33,20,18,6,6,0,0,0,0,0,0,0,0,0,0,0,0,0,0,0,90187
,Capel (S),204,252,261,239,248,263,272,245,311,330,297,295,300,321,315,328,308,332,256,199,168,146,161,169,152,165,150,195,174,185,189,190,188,227,215,175,197,243,241,241,251,247,272,303,300,291,291,304,270,249,255,241,281,243,240,208,196,235,193,208,185,189,161,141,178,192,136,133,161,169,122,106,94,100,84,71,66,62,50,40,36,35,32,32,25,26,21,16,7,15,7,5,4,0,0,0,0,0,0,0,0,0,0,0,0,0,0,0,0,0,0,0,0,0,0,0,17121
,Carnamah (S),7,3,5,4,4,5,3,6,9,4,9,7,4,11,6,3,0,3,7,0,0,4,12,7,7,5,7,8,6,7,5,9,12,6,6,11,11,6,8,7,3,4,0,3,7,0,7,9,8,3,11,9,3,8,10,16,15,14,7,12,12,7,10,14,7,5,7,8,6,10,4,5,12,9,4,10,3,0,0,0,0,3,4,9,5,0,0,0,0,0,0,0,0,0,0,0,0,0,0,0,0,0,0,0,0,0,0,0,0,0,0,0,0,0,0,0,551
,Carnarvon (S),57,77,72,72,63,86,85,69,90,82,108,72,62,57,80,44,66,43,52,62,62,55,73,51,66,74,82,70,82,84,100,76,61,71,62,56,88,57,87,70,59,67,59,71,87,90,80,71,109,74,71,91,90,92,78,62,87,68,80,88,88,68,62,74,79,61,52,55,55,57,50,31,38,47,41,36,34,30,17,39,12,17,17,10,9,13,15,9,11,7,0,0,7,0,0,0,3,0,0,0,0,0,0,0,0,0,0,0,0,0,0,0,0,0,0,0,5524
,Chapman Valley (S),8,14,14,22,24,29,28,25,29,28,22,29,16,22,8,18,15,21,12,10,3,9,7,8,9,5,7,8,0,10,16,17,20,16,6,31,11,18,28,11,21,11,16,22,18,26,28,31,16,26,23,24,22,25,24,26,21,23,15,22,29,23,13,14,16,22,12,12,21,21,23,8,7,17,15,9,9,9,12,3,4,4,4,5,0,0,9,5,0,0,0,0,0,0,0,0,0,0,0,0,0,0,0,0,0,0,0,0,0,0,0,0,0,0,0,0,1416
,Chittering (S),43,52,59,58,63,74,81,73,70,82,80,65,78,74,96,97,88,85,73,68,53,49,42,38,35,29,49,36,45,47,45,64,42,55,60,64,67,65,56,61,59,79,88,104,87,81,79,99,105,88,95,93,97,97,109,107,75,91,72,86,70,71,72,89,64,80,63,48,70,63,53,52,52,50,33,42,41,22,35,24,15,23,14,11,11,13,5,0,0,3,3,5,0,0,0,0,0,0,0,0,0,0,0,0,0,0,0,0,0,0,0,0,0,0,0,0,5474
,Claremont (T),76,85,79,84,73,73,106,97,107,114,125,97,147,168,173,186,191,187,137,110,139,138,137,121,124,148,151,111,91,117,110,114,100,98,100,101,102,88,77,103,96,102,118,114,148,144,130,145,129,123,148,136,123,141,95,117,109,116,139,125,128,124,100,118,112,116,103,106,115,102,116,112,114,88,105,112,81,84,74,67,73,76,57,83,45,57,62,49,57,49,35,31,25,25,20,18,12,5,4,6,4,0,4,0,0,0,0,0,0,0,0,0,0,0,0,0,10055
,Cockburn (C),1477,1550,1559,1532,1468,1498,1445,1416,1414,1407,1281,1242,1197,1208,1203,1263,1248,1294,1245,1348,1236,1360,1352,1399,1373,1432,1561,1587,1628,1709,1780,1741,1795,1820,1743,1734,1767,1719,1593,1652,1564,1550,1586,1596,1620,1701,1545,1494,1479,1367,1364,1341,1354,1345,1290,1267,1254,1144,1144,1091,1082,1057,1006,933,913,912,838,802,787,788,610,599,546,550,523,455,451,437,430,382,362,346,349,277,236,232,227,196,162,136,107,96,72,65,40,41,18,12,24,7,5,0,0,0,0,0,0,0,0,0,0,0,0,0,0,0,104472
,Collie (S),97,111,98,92,125,110,117,122,108,121,136,117,103,110,102,114,126,125,92,106,109,103,97,98,100,97,100,88,102,113,98,107,102,100,88,100,98,103,87,82,101,93,77,107,118,129,108,138,114,106,115,123,136,123,123,142,128,155,109,127,159,139,135,102,123,123,122,117,134,95,108,74,86,58,64,60,46,47,40,33,53,36,35,42,35,30,14,23,14,5,15,8,8,11,5,3,5,0,0,0,0,0,0,0,0,0,0,0,0,0,0,0,0,0,0,0,8798
,Coolgardie (S),50,69,68,59,47,51,61,47,48,56,41,43,70,57,58,60,48,61,28,28,33,34,44,44,41,72,62,67,50,56,60,66,56,66,53,53,48,54,57,31,47,38,47,64,45,49,72,47,64,73,50,48,52,46,47,64,55,34,36,32,42,40,32,35,45,41,30,18,27,24,19,15,9,16,25,7,14,10,4,4,9,12,6,6,0,0,0,0,0,0,0,0,0,0,0,0,0,0,0,0,0,0,0,0,0,0,0,0,0,0,0,0,0,0,0,0,3613
,Coorow (S),12,12,4,3,7,5,12,11,16,11,11,14,0,6,8,12,10,7,6,5,3,6,4,11,9,17,13,10,10,16,6,7,7,7,4,4,7,9,11,15,15,11,11,7,15,15,11,9,14,21,12,17,28,11,11,16,37,20,27,24,26,19,27,19,24,26,19,22,20,15,17,8,20,19,15,7,10,5,0,7,5,9,3,4,5,0,0,4,0,0,0,0,0,0,0,0,0,0,0,0,0,0,0,0,0,0,0,0,0,0,0,0,0,0,0,0,1038
,Corrigin (S),18,17,10,19,12,23,17,18,24,19,13,19,10,6,7,12,7,14,10,4,9,11,12,11,10,12,12,10,8,12,12,11,13,19,15,14,10,15,10,5,10,17,15,22,22,15,22,14,15,9,16,13,20,9,18,16,16,23,15,18,25,16,22,19,15,22,14,22,16,16,0,6,11,6,10,15,10,7,15,3,4,6,10,11,10,3,5,3,0,0,3,3,3,3,0,0,3,0,0,0,0,0,0,0,0,0,0,0,0,0,0,0,0,0,0,0,1147
,Cottesloe (T),63,66,74,70,78,92,78,93,93,99,117,94,102,96,116,100,102,99,86,75,80,77,65,106,80,95,99,103,108,87,109,75,93,84,90,102,93,69,67,86,77,79,90,76,100,126,102,126,117,116,120,104,96,123,112,104,121,107,115,108,105,91,91,113,110,98,88,98,57,103,93,83,68,48,75,53,43,50,40,32,30,34,24,22,26,15,29,26,30,32,26,15,18,12,4,11,3,6,3,0,0,0,0,0,0,0,0,0,0,0,0,0,0,0,0,0,7594
,Cranbrook (S),7,10,15,13,17,23,16,21,14,26,12,3,13,11,7,4,4,8,8,5,4,8,8,7,10,4,13,15,11,21,14,9,13,9,17,6,24,9,19,15,23,27,9,9,9,7,25,15,20,12,15,11,10,14,15,18,20,12,25,25,15,16,14,23,12,23,12,16,18,15,19,11,9,3,14,10,9,10,9,8,18,3,4,0,0,8,4,3,0,0,0,0,0,0,0,0,0,0,0,0,0,0,0,0,0,0,0,0,0,0,0,0,0,0,0,0,1084
,Cuballing (S),7,6,7,4,12,13,9,12,13,16,12,11,7,9,4,4,6,6,12,4,8,3,8,7,7,9,3,11,19,6,0,9,18,10,8,10,8,8,8,7,3,5,14,17,10,8,16,10,10,8,6,11,20,15,16,15,11,13,5,13,10,13,14,19,21,15,19,9,14,19,11,15,8,8,12,0,8,17,3,7,0,4,4,0,0,4,3,0,0,0,0,0,0,0,0,0,0,0,0,0,0,0,0,0,0,0,0,0,0,0,0,0,0,0,0,0,864
,Cue (S),0,8,0,6,0,0,3,0,0,3,0,0,0,0,0,0,0,0,0,0,0,0,0,4,6,4,0,9,4,0,3,0,0,0,0,3,0,3,0,0,0,0,4,7,0,0,0,4,0,4,5,0,0,0,3,3,8,4,0,0,6,11,3,3,8,4,5,0,4,5,9,3,3,0,0,0,0,0,0,6,0,0,0,0,0,0,0,0,0,0,0,0,0,0,0,0,0,0,0,0,0,0,0,0,0,0,0,0,0,0,0,0,0,0,0,0,192
,Cunderdin (S),11,19,23,13,16,14,20,23,25,29,30,6,17,12,21,10,60,73,19,7,15,12,14,17,16,14,14,17,18,15,14,28,16,17,15,21,23,20,10,15,20,17,15,20,23,18,14,16,16,18,14,17,19,20,21,22,21,21,21,19,25,18,30,13,13,17,16,11,22,14,5,12,9,15,7,11,14,12,4,5,3,10,12,4,3,0,3,0,5,0,6,6,3,0,0,3,0,0,0,0,0,0,0,0,0,0,0,0,0,0,0,0,0,0,0,0,1456
,Dalwallinu (S),22,16,24,27,14,26,30,28,17,20,14,14,11,18,7,14,5,8,12,12,16,11,21,19,13,22,20,26,26,20,20,14,11,33,23,28,21,24,23,16,16,9,21,15,25,14,22,11,14,14,20,15,21,24,27,22,19,15,35,15,21,18,9,22,20,12,16,10,9,4,17,16,6,4,9,15,6,0,5,7,14,7,7,7,8,12,5,5,4,9,0,0,0,0,0,0,0,0,0,0,0,0,0,0,0,0,0,0,0,0,0,0,0,0,0,0,1428
,Dandaragan (S),30,42,35,36,43,36,36,30,33,40,32,33,23,26,16,30,25,21,24,22,13,25,27,23,24,37,36,29,43,34,45,36,44,28,25,29,37,42,33,28,33,39,38,46,50,51,42,48,32,35,57,40,60,40,66,49,50,57,49,48,41,59,56,58,66,58,48,53,65,57,38,44,46,40,28,35,19,28,33,13,24,19,12,15,8,19,4,3,8,0,3,0,0,0,0,0,0,0,0,0,0,0,0,0,0,0,0,0,0,0,0,0,0,0,0,0,3212
,Dardanup (S),197,213,219,208,217,211,195,213,205,198,208,193,162,203,191,185,198,200,179,155,140,141,162,162,175,171,160,211,204,167,167,174,191,188,194,172,203,185,181,168,159,188,163,164,192,222,199,186,172,175,195,187,171,185,200,189,185,181,187,152,172,165,148,145,130,158,133,135,128,132,102,106,105,86,81,88,97,78,80,70,82,59,54,42,50,50,32,39,28,17,32,18,11,14,10,3,6,0,0,0,0,0,0,0,0,0,0,0,0,0,0,0,0,0,0,0,14028
,Denmark (S),47,48,56,69,52,73,73,80,63,71,79,81,87,64,74,95,101,102,57,35,21,19,27,19,22,22,56,37,19,34,37,30,49,43,54,46,53,58,58,73,73,60,59,79,75,92,95,69,79,84,80,83,94,103,90,116,121,74,87,92,83,113,103,89,98,122,107,104,87,126,84,97,90,64,49,60,54,56,50,25,44,41,32,33,26,22,12,14,13,15,3,7,9,5,3,4,0,3,0,0,0,0,0,0,0,0,0,0,0,0,0,0,0,0,0,0,5850
,Derby-West Kimberley (S),128,155,159,150,135,137,148,114,136,148,154,131,100,102,97,101,101,98,105,108,129,118,123,100,116,144,114,164,140,151,142,159,115,129,125,118,111,124,114,93,102,89,85,114,115,107,105,89,88,92,95,91,90,106,83,88,83,94,78,78,91,60,75,61,72,65,44,43,43,32,36,24,23,20,10,16,14,13,13,9,10,7,6,8,6,3,13,9,5,0,0,3,0,0,0,0,0,0,0,0,0,0,0,0,0,0,0,0,0,0,0,0,0,0,0,0,7728
,Donnybrook-Balingup (S),61,60,64,60,74,67,75,74,60,87,71,78,79,69,71,68,84,78,49,37,39,42,35,48,34,46,47,67,34,50,73,53,48,45,63,59,55,60,44,65,66,80,71,89,75,85,72,92,70,74,81,94,94,87,90,98,98,98,94,109,110,115,115,105,83,110,89,74,70,97,79,85,57,71,58,47,40,56,30,30,25,31,18,22,17,18,21,14,7,5,5,6,10,3,7,10,0,0,0,0,0,0,0,3,0,0,0,0,0,0,0,0,0,0,0,0,5871
,Dowerin (S),15,15,18,16,11,9,13,10,13,6,14,10,5,3,7,7,0,0,9,5,6,6,3,4,0,3,9,3,0,10,10,7,7,14,6,4,6,9,8,13,6,4,10,5,13,18,12,13,13,0,12,6,14,8,5,4,7,7,11,7,15,14,10,11,14,11,16,11,12,13,11,4,6,11,3,3,5,3,0,3,3,4,3,5,0,3,0,0,4,0,0,0,0,0,0,0,0,0,0,0,0,0,0,0,0,0,0,0,0,0,0,0,0,0,0,0,693
,Dumbleyung (S),14,17,13,9,10,7,15,9,10,9,7,11,4,0,0,0,6,3,3,4,6,3,0,3,4,9,13,13,3,7,13,9,7,14,11,8,8,7,3,6,15,5,13,3,10,11,0,5,7,3,10,9,9,13,9,16,13,23,4,20,4,15,6,15,9,7,8,4,8,13,4,5,0,3,0,9,12,3,9,5,0,4,0,0,0,3,0,0,0,0,0,0,3,0,0,0,0,0,0,0,0,0,0,0,0,0,0,0,0,0,0,0,0,0,0,0,673
,Dundas (S),3,4,9,0,3,3,11,16,3,11,8,6,9,6,7,0,6,5,7,11,3,0,6,11,7,16,17,12,15,10,8,9,11,8,5,6,8,12,3,6,0,10,7,3,15,17,15,18,16,11,14,9,14,17,12,16,14,19,17,9,25,10,10,9,19,13,17,6,6,4,5,15,11,7,7,5,9,4,4,0,0,6,0,0,0,0,0,0,0,0,5,0,0,0,0,0,0,0,0,0,0,0,0,0,0,0,0,0,0,0,0,0,0,0,0,0,767
,East Fremantle (T),60,68,66,64,86,79,96,104,107,100,118,99,98,98,103,91,89,79,95,76,92,88,84,77,69,58,84,69,65,83,57,86,70,73,64,100,91,77,93,81,78,116,104,111,115,150,119,134,119,107,135,115,109,121,131,121,110,127,95,98,108,99,100,116,80,77,87,75,50,98,60,54,59,49,50,36,33,50,41,40,36,45,30,38,29,27,22,20,12,22,6,12,9,9,5,5,9,3,0,0,0,0,0,0,0,0,0,0,0,0,0,0,0,0,0,0,7375
,East Pilbara (S),98,145,132,139,98,126,113,109,114,111,103,73,88,75,95,77,80,58,50,58,97,112,128,172,161,227,252,290,324,309,320,327,291,308,268,267,221,242,229,220,197,194,228,197,196,190,198,152,184,155,162,157,168,164,151,187,130,132,92,63,102,64,81,56,41,34,26,28,17,22,20,12,13,9,8,10,4,4,0,5,3,0,4,0,0,0,0,0,0,0,0,0,0,0,0,0,0,0,0,0,0,0,0,0,0,0,0,0,0,0,0,0,0,0,0,0,10591
,Esperance (S),165,185,180,211,177,189,200,186,212,221,217,182,219,197,204,225,229,235,187,136,146,141,128,126,178,156,156,159,159,191,148,156,171,174,159,142,162,171,159,160,172,195,186,182,218,202,200,206,208,200,217,226,215,221,199,214,199,174,216,163,158,169,177,145,173,150,119,173,162,154,118,123,120,127,100,96,100,75,86,84,64,65,49,48,33,49,45,39,19,26,18,14,4,10,6,8,3,0,3,6,0,0,0,0,0,0,0,0,0,0,0,0,0,0,0,0,14238
,Exmouth (S),38,38,44,43,37,39,41,42,29,30,48,40,40,32,28,39,36,18,12,26,22,20,22,28,36,35,39,34,33,41,56,37,50,43,47,50,51,42,47,39,62,35,48,40,39,49,52,38,42,29,38,40,46,32,35,29,38,35,34,46,30,36,31,31,19,32,32,32,28,33,24,15,14,12,18,11,13,7,4,0,3,3,6,4,4,0,0,5,0,0,0,0,0,0,0,0,0,0,0,0,0,0,0,0,0,0,0,0,0,0,0,0,0,0,0,0,2727
,Fremantle (C),297,325,332,302,251,245,257,301,280,267,257,247,249,248,249,249,267,263,266,288,284,268,287,355,351,387,397,431,515,442,509,488,484,461,460,460,394,390,393,388,386,416,342,416,432,466,409,408,446,355,388,424,394,457,462,431,407,395,414,393,368,366,355,365,390,322,353,334,347,288,260,263,225,176,236,233,178,191,183,162,166,146,130,162,115,112,117,85,98,64,68,54,44,36,25,11,12,11,0,3,4,0,0,0,0,0,0,0,0,0,0,0,0,0,0,0,28893
,Gingin (S),45,54,55,52,47,59,59,58,66,63,84,67,57,62,66,60,47,49,50,36,48,43,34,31,41,43,76,60,46,49,55,42,52,37,46,48,60,58,53,52,40,51,72,63,76,77,62,73,63,83,95,73,62,76,76,82,69,82,82,86,86,90,72,87,121,103,97,91,99,102,75,70,66,47,47,51,53,57,47,25,33,21,21,23,20,17,9,8,10,11,4,0,6,5,0,0,0,0,0,0,0,0,0,0,0,0,0,0,0,0,0,0,0,0,0,0,5218
,Gnowangerup (S),17,15,21,25,12,25,16,16,18,18,17,22,9,9,9,7,6,9,7,12,12,17,15,16,11,21,16,15,15,25,21,13,17,25,9,9,14,12,15,10,21,10,16,16,20,23,14,21,15,17,13,13,17,22,18,18,19,26,12,21,29,22,23,17,18,18,9,17,16,8,12,9,10,9,9,5,9,4,5,3,0,0,0,3,0,4,0,0,6,0,0,0,0,0,0,0,0,0,0,0,0,0,0,0,0,0,0,0,0,0,0,0,0,0,0,0,1219
,Goomalling (S),13,14,11,17,17,18,16,13,21,17,16,10,10,11,12,13,3,8,11,13,6,10,3,7,9,7,9,9,8,9,14,13,17,19,9,8,15,0,13,16,13,8,16,11,18,27,11,21,14,9,15,15,12,6,17,23,15,11,13,20,15,15,11,19,17,18,17,17,5,18,4,10,9,12,5,13,11,5,6,3,7,10,5,3,0,6,5,3,4,0,3,5,0,0,0,0,3,0,0,0,0,0,0,0,0,0,0,0,0,0,0,0,0,0,0,0,1036
,Gosnells (C),1603,1781,1703,1850,1770,1766,1654,1719,1626,1641,1578,1544,1548,1451,1423,1489,1550,1538,1601,1533,1656,1655,1640,1692,1564,1733,1770,1776,1816,1886,1995,1965,2008,2123,2121,1961,1908,1835,1783,1711,1650,1697,1646,1616,1778,1694,1564,1596,1480,1487,1441,1453,1365,1430,1392,1296,1329,1181,1217,1165,1223,1224,1147,1114,1087,1028,985,994,947,993,774,707,677,600,567,567,547,517,469,411,394,344,320,285,245,282,202,155,175,120,118,101,65,53,52,41,29,11,10,11,3,0,0,0,0,0,0,0,0,0,0,0,0,0,0,0,118073
,Greater Geraldton (C),499,532,488,537,522,526,544,559,556,540,581,544,519,546,537,581,591,559,486,467,433,435,420,442,475,417,457,481,493,443,487,490,484,476,476,472,474,471,452,447,469,541,477,531,596,595,615,587,566,528,534,523,589,572,527,544,526,494,520,473,487,454,401,410,432,390,392,355,351,408,274,296,285,254,248,217,210,239,211,192,168,150,163,137,128,116,111,70,62,57,37,44,27,30,26,17,10,0,3,3,4,0,0,5,0,0,0,0,0,0,0,0,0,0,0,0,38632
,Halls Creek (S),55,59,48,86,55,64,47,61,62,51,63,53,70,57,40,55,67,28,63,48,55,50,61,61,48,72,76,63,50,65,69,59,56,62,40,43,47,41,51,40,43,48,31,34,54,38,26,40,26,32,39,24,31,38,40,34,21,32,34,35,26,20,29,25,19,12,22,15,18,13,14,14,7,3,4,5,11,4,6,0,4,0,0,6,0,0,0,0,0,0,0,0,0,0,0,0,0,0,0,0,0,0,0,0,0,0,0,0,0,0,0,0,0,0,0,0,3267
,Harvey (S),340,383,336,381,379,349,424,422,402,448,422,422,395,378,411,391,411,442,314,305,235,258,209,228,263,271,303,253,255,332,359,323,373,331,350,358,325,325,324,374,335,324,386,357,436,403,380,340,386,403,417,365,385,341,329,400,317,343,386,340,353,320,312,299,275,277,289,305,284,307,208,194,214,149,192,156,155,130,127,126,113,98,62,68,58,53,51,29,33,31,30,12,15,12,8,3,0,0,0,3,0,0,0,0,0,0,0,0,0,0,0,0,0,0,0,0,26549
,Irwin (S),27,32,31,30,42,45,31,51,50,62,42,45,51,35,50,47,42,43,32,26,23,18,24,13,30,19,26,18,21,33,30,34,32,51,31,36,30,33,31,32,50,40,39,46,39,47,45,42,38,40,41,66,63,61,49,42,46,56,46,60,74,61,71,53,71,55,74,58,65,57,58,47,48,44,61,27,34,36,35,36,22,23,22,13,13,17,14,13,8,12,7,7,9,0,6,4,0,0,0,0,0,0,0,0,0,0,0,0,0,0,0,0,0,0,0,0,3569
,Jerramungup (S),23,10,18,15,13,12,17,18,20,21,17,16,9,8,3,11,0,4,3,8,5,4,9,11,10,13,9,16,9,11,16,21,23,22,16,13,9,22,11,12,17,10,9,13,4,21,14,12,16,24,15,18,18,22,17,28,18,25,17,22,22,18,6,16,16,16,13,6,16,10,7,13,3,8,9,3,6,7,3,6,4,9,0,0,0,0,4,0,0,0,0,0,0,0,0,0,0,0,0,0,0,0,0,0,0,0,0,0,0,0,0,0,0,0,0,0,1106
,Joondalup (C),1595,1680,1782,1815,1890,1967,2154,2038,2133,2189,2071,2114,2076,2017,2001,2086,2096,2245,2061,2251,2107,2071,1993,1878,1808,1704,1644,1656,1576,1752,1708,1729,1814,1731,1963,1949,1896,1849,1957,2020,2160,2090,2149,2293,2413,2591,2434,2405,2272,2238,2205,2265,2355,2378,2359,2311,2249,2268,2078,2187,2081,1991,1980,1885,1866,1842,1775,1684,1594,1696,1261,1136,1103,898,837,778,700,641,582,558,523,508,475,439,448,380,376,279,255,233,195,187,136,108,79,54,46,23,13,16,9,5,0,4,0,0,0,0,0,0,0,0,0,0,0,0,154443
,Kalamunda (S),647,717,708,696,752,771,785,765,796,770,797,753,717,761,732,787,865,829,721,705,667,719,649,613,660,598,633,709,688,715,710,705,764,811,746,791,748,747,751,728,811,740,800,779,784,830,855,801,781,805,744,792,756,804,801,790,747,699,716,646,694,645,642,664,681,652,675,620,670,632,468,475,477,438,445,361,376,339,321,316,269,260,248,213,220,174,123,125,101,77,65,60,43,38,31,23,16,7,8,6,4,0,0,0,0,0,0,0,0,0,0,0,0,0,0,0,57451
,Kalgoorlie/Boulder (C),523,547,507,490,496,470,467,486,488,484,430,376,353,375,397,400,387,353,363,302,331,391,403,446,468,482,545,468,556,553,552,563,528,563,512,456,482,475,395,460,422,443,463,436,501,436,455,491,401,380,383,414,416,410,410,451,391,355,357,316,290,249,259,242,252,192,182,187,172,152,107,109,103,73,105,89,88,59,62,37,40,48,45,45,42,28,17,22,24,13,11,8,7,8,9,0,3,4,3,0,0,0,0,0,0,0,0,0,0,0,0,0,0,0,0,0,30053
,Karratha (C),373,416,430,399,408,414,343,407,348,345,358,320,261,231,242,259,263,230,166,181,185,241,243,305,351,381,379,415,436,465,540,515,517,455,493,438,443,395,378,393,357,379,425,392,382,361,337,346,310,289,248,257,293,304,265,244,233,203,173,155,161,140,135,100,96,91,64,53,61,38,28,20,26,25,20,15,19,9,10,10,13,3,3,4,5,4,5,0,6,3,0,0,0,0,0,0,0,0,0,0,0,0,0,0,0,0,0,0,0,0,0,0,0,0,0,0,21472
,Katanning (S),47,38,56,44,65,67,58,68,63,53,71,45,61,41,47,40,40,54,41,56,56,47,59,33,46,56,68,47,58,43,52,42,50,44,46,42,54,61,48,51,46,39,47,52,64,63,42,44,36,57,66,80,50,73,58,65,50,50,70,40,65,55,69,53,40,38,42,45,41,46,45,39,30,36,26,29,20,41,22,24,17,33,16,13,18,10,14,14,11,6,11,3,13,0,0,0,0,0,0,0,0,0,0,0,0,0,0,0,0,0,0,0,0,0,0,0,4150
,Kellerberrin (S),11,6,18,13,14,15,13,11,12,25,24,18,12,14,12,15,14,12,11,5,7,10,11,9,5,18,10,10,10,11,15,11,7,11,16,15,13,7,12,8,16,8,13,10,21,11,18,27,19,23,17,22,18,28,24,13,17,19,23,19,13,8,9,20,22,22,18,20,12,11,12,15,14,6,24,12,14,10,16,13,14,6,17,8,6,4,6,10,3,0,0,4,7,0,0,4,0,0,0,0,0,0,0,0,0,0,0,0,0,0,0,0,0,0,0,0,1224
,Kent (S),13,9,13,8,11,10,7,12,8,5,8,13,8,4,4,0,9,0,5,3,0,0,5,4,0,5,6,9,0,6,5,3,11,12,6,5,23,7,11,12,9,15,15,10,4,9,13,7,9,4,9,8,7,5,19,3,6,4,3,17,11,3,4,8,9,9,7,8,9,4,4,0,3,3,8,7,0,0,0,3,0,0,0,0,0,0,0,0,0,0,0,0,0,0,0,0,0,0,0,0,0,0,0,0,0,0,0,0,0,0,0,0,0,0,0,0,563
,Kojonup (S),27,30,32,31,31,43,37,33,28,34,27,24,13,21,9,8,11,12,15,19,13,15,20,9,13,13,23,18,9,23,42,20,36,21,22,26,16,18,25,29,16,25,16,18,29,28,32,23,34,28,32,31,20,37,43,35,21,21,31,29,37,29,24,26,30,21,18,36,16,25,20,20,9,22,21,13,18,21,18,9,20,9,11,11,12,9,7,8,7,4,5,3,4,0,3,0,3,0,0,0,0,0,0,0,0,0,0,0,0,0,0,0,0,0,0,0,1981
,Kondinin (S),19,15,9,11,10,12,8,13,9,17,12,21,8,0,3,8,5,8,3,4,0,4,3,6,8,9,12,12,7,10,14,19,14,10,11,9,10,11,9,13,17,13,10,18,15,17,8,22,16,18,7,6,11,12,10,20,6,17,20,14,12,17,8,7,13,13,16,8,10,15,5,6,6,5,10,7,4,4,8,4,0,5,0,3,0,3,0,0,0,0,0,0,0,0,0,0,0,0,0,0,0,0,0,0,0,0,0,0,0,0,0,0,0,0,0,0,875
,Koorda (S),10,5,8,7,0,8,4,11,3,8,6,6,0,3,3,0,5,0,3,4,4,0,0,3,0,4,3,0,0,3,0,6,0,10,7,0,3,8,3,3,8,6,7,5,3,8,3,9,5,6,7,4,3,14,5,8,8,8,6,6,10,8,5,6,12,8,8,3,7,9,3,3,0,8,4,4,3,3,0,5,0,0,3,4,4,3,4,0,0,3,0,0,0,0,0,0,0,0,0,0,0,0,0,0,0,0,0,0,0,0,0,0,0,0,0,0,415
,Kulin (S),11,10,15,11,11,17,9,13,12,6,13,8,7,4,3,0,0,7,8,10,3,4,4,9,11,7,3,7,8,9,8,10,12,5,8,19,9,11,10,13,7,16,6,7,17,13,18,11,4,14,11,23,16,19,5,10,6,9,9,10,9,15,8,16,10,18,11,5,8,17,0,4,3,3,13,7,5,0,8,3,10,3,3,6,0,0,0,0,0,0,4,5,0,0,0,4,0,0,0,0,0,0,0,0,0,0,0,0,0,0,0,0,0,0,0,0,764
,Kwinana (C),695,699,647,697,659,645,593,550,578,581,528,450,463,465,440,443,412,462,476,505,520,531,604,577,643,574,733,694,770,775,789,828,831,821,761,717,636,619,602,597,576,577,503,569,561,512,519,529,515,475,463,433,418,427,347,389,386,363,321,337,316,306,314,303,272,243,249,272,263,226,185,190,194,157,178,147,134,133,127,117,95,99,98,72,77,63,58,30,38,30,33,17,12,8,8,5,4,4,0,0,0,0,0,0,0,0,0,0,0,0,0,0,0,0,0,0,38921
,Lake Grace (S),21,31,11,23,16,22,17,22,23,25,22,24,8,10,3,14,6,0,9,7,3,3,13,11,10,13,17,17,13,16,19,20,15,19,19,17,12,16,10,16,28,20,13,12,27,14,16,16,21,17,16,20,16,24,23,19,24,20,22,23,19,15,16,16,18,22,15,5,13,13,10,7,18,11,4,11,7,13,3,5,3,4,0,0,0,3,0,0,4,0,0,0,0,0,0,0,0,0,0,0,0,0,0,0,0,0,0,0,0,0,0,0,0,0,0,0,1266
,Laverton (S),12,13,5,12,11,10,11,7,8,14,12,9,10,7,8,8,6,3,11,9,6,12,14,29,11,25,37,14,35,33,38,27,33,24,24,12,17,15,25,9,20,14,20,22,15,17,28,19,26,15,20,33,21,21,16,15,22,16,26,16,13,15,10,12,4,16,6,5,3,4,0,0,0,6,3,4,0,3,3,3,0,0,0,0,0,0,0,0,0,0,0,0,0,0,0,0,0,0,0,0,0,0,0,0,0,0,0,0,0,0,0,0,0,0,0,0,1156
,Leonora (S),19,30,19,22,14,17,9,14,18,19,15,11,12,4,8,6,0,8,12,15,16,12,13,13,21,30,44,33,36,37,37,27,37,39,34,14,30,26,31,29,16,17,28,18,29,27,15,19,21,16,35,26,28,20,16,14,14,17,14,14,21,14,9,7,6,24,10,6,10,4,0,5,3,4,4,3,0,5,3,0,0,0,0,3,0,0,0,0,0,0,3,0,0,0,0,0,0,0,0,0,0,0,0,0,0,0,0,0,0,0,0,0,0,0,0,0,1406
,Mandurah (C),902,927,891,962,981,988,1011,1052,1003,1043,1015,963,939,961,919,930,985,993,1012,931,899,904,856,864,810,807,820,835,852,891,973,873,899,930,917,914,886,860,847,848,946,956,952,985,1095,1021,1098,1072,979,1010,1024,1021,1129,1081,1011,1042,1039,981,1047,967,1070,985,979,1028,1082,963,1067,1051,1117,1294,929,967,986,902,829,826,782,728,706,634,543,542,483,428,416,382,320,276,247,202,182,141,97,81,62,52,36,19,12,13,4,0,0,5,0,0,0,0,0,0,0,0,0,0,0,0,80808
,Manjimup (S),89,110,90,91,99,94,108,108,112,132,118,145,140,136,144,129,151,127,99,75,67,81,92,81,93,100,68,90,89,79,75,81,83,69,112,83,100,99,86,81,78,117,119,107,142,146,126,126,121,137,137,152,128,172,161,150,152,160,148,136,138,139,136,130,148,113,105,127,107,119,119,99,97,76,80,77,86,61,58,45,51,51,44,53,44,26,30,30,21,20,12,19,10,6,5,9,3,0,0,0,0,0,0,0,0,0,0,0,0,0,0,0,0,0,0,0,9253
,Meekatharra (S),13,11,18,14,5,13,11,9,14,12,14,5,15,10,10,14,8,8,10,11,9,9,11,8,12,17,26,32,10,28,32,27,20,22,14,20,23,19,19,9,10,13,21,18,12,16,17,13,8,5,18,20,13,18,28,9,21,23,15,17,10,12,10,5,15,10,5,11,7,4,12,9,7,0,8,0,3,0,0,4,0,0,0,0,0,0,0,0,0,0,0,0,0,0,0,0,0,0,0,0,0,0,0,0,0,0,0,0,0,0,0,0,0,0,0,0,1066
,Melville (C),889,930,964,1080,1053,1140,1175,1128,1202,1206,1197,1136,1248,1251,1194,1342,1203,1268,1293,1388,1395,1416,1392,1262,1199,1196,1182,1170,1132,1044,1071,1111,1146,1127,1154,1124,1154,1136,1141,1272,1270,1212,1334,1302,1372,1482,1368,1360,1319,1344,1305,1274,1399,1363,1304,1317,1367,1312,1284,1274,1329,1220,1199,1254,1139,1182,1092,1063,1028,1094,864,812,811,706,720,669,589,673,629,526,557,559,487,469,509,450,450,395,365,308,263,248,198,157,119,83,67,53,22,18,8,6,0,0,0,0,0,0,0,0,0,0,0,0,0,0,98076
,Menzies (S),4,4,7,9,0,5,0,3,12,0,6,0,4,8,3,4,11,3,3,6,6,8,0,12,9,10,5,9,9,12,17,5,8,11,11,3,8,7,6,4,12,10,3,7,10,10,6,13,10,6,3,5,16,9,5,9,7,7,5,6,8,5,5,3,5,7,4,3,4,3,0,3,3,0,0,4,0,3,0,5,0,0,0,0,0,0,0,0,0,0,0,0,0,0,0,0,0,0,0,0,0,0,0,0,0,0,0,0,0,0,0,0,0,0,0,0,490
,Merredin (S),34,44,45,35,44,50,42,47,44,46,41,45,28,45,53,52,36,39,33,44,53,99,56,60,38,38,39,46,30,46,43,39,43,33,44,29,45,32,36,38,38,35,44,36,49,46,32,48,47,43,40,51,48,40,57,51,34,51,65,45,42,42,35,35,37,37,35,34,36,34,23,27,26,23,25,19,23,22,12,15,18,10,13,11,14,15,14,4,5,4,0,6,7,5,0,0,0,0,0,0,0,0,0,0,0,0,0,0,0,0,0,0,0,0,0,0,3353
,Mingenew (S),8,4,10,7,9,3,7,7,4,10,5,8,6,3,6,0,5,5,8,6,0,6,4,5,3,14,5,4,0,10,10,0,3,5,4,7,6,8,3,0,4,9,4,3,12,6,12,5,0,4,9,0,10,10,7,12,9,7,9,12,9,5,11,7,9,4,4,4,0,6,0,7,3,3,5,0,0,0,4,4,4,3,5,0,0,4,0,0,0,4,0,0,0,0,0,0,0,0,0,0,0,0,0,0,0,0,0,0,0,0,0,0,0,0,0,0,459
,Moora (S),19,33,34,37,33,45,24,41,39,46,36,39,34,27,19,26,29,23,25,21,30,22,35,24,30,16,26,22,20,24,31,26,27,35,24,21,30,27,25,37,37,37,37,46,32,35,41,33,29,25,39,29,39,43,51,31,35,38,38,28,24,28,35,25,33,24,23,32,28,18,18,18,38,18,22,29,12,10,14,7,11,13,4,9,7,10,5,0,7,4,4,4,8,4,0,0,3,0,0,0,0,0,0,0,0,0,0,0,0,0,0,0,0,0,0,0,2433
,Morawa (S),8,17,3,12,11,11,12,10,14,16,5,12,5,9,8,16,20,30,4,8,8,10,3,10,6,6,10,13,11,7,11,9,4,7,12,4,9,9,8,7,9,11,14,10,12,10,8,5,13,14,9,13,8,10,8,16,9,8,10,21,5,13,5,11,7,5,3,7,5,3,4,4,9,9,5,0,5,0,5,5,6,10,3,5,6,0,0,5,0,3,4,0,0,0,0,0,0,0,0,0,0,0,0,0,0,0,0,0,0,0,0,0,0,0,0,0,746
,Mosman Park (T),62,67,90,94,77,101,91,102,88,91,111,113,125,158,133,155,146,137,95,115,94,104,99,100,84,108,135,110,113,109,144,113,118,125,109,114,104,103,95,100,99,86,102,113,148,138,142,145,124,127,137,106,124,129,119,86,118,123,91,99,107,88,96,105,103,106,105,100,84,97,99,77,98,82,81,69,43,69,45,39,47,51,39,33,24,24,15,19,21,13,11,11,18,7,6,5,6,4,3,0,5,0,0,0,0,0,0,0,0,0,0,0,0,0,0,0,8755
,Mount Magnet (S),4,4,5,11,5,12,10,8,0,6,9,9,5,5,3,9,3,4,0,3,3,3,0,5,4,3,0,3,6,3,11,11,8,6,0,7,7,3,6,12,4,7,11,4,0,16,4,9,3,0,11,5,16,6,0,3,11,7,12,14,5,12,5,4,7,13,8,10,5,9,13,10,0,0,7,0,0,5,0,0,0,4,0,0,0,0,0,0,0,0,0,0,0,0,0,0,0,0,0,0,0,0,0,0,0,0,0,0,0,0,0,0,0,0,0,0,482
,Mount Marshall (S),12,7,11,8,10,3,3,7,10,15,12,7,5,0,3,5,0,0,3,3,0,3,3,3,3,9,4,3,4,7,9,8,8,8,14,12,9,0,9,5,9,9,13,4,14,14,4,10,11,7,5,12,10,16,9,10,5,3,8,6,10,3,5,0,7,5,3,12,3,13,10,0,4,3,0,0,6,5,3,3,0,0,7,0,3,0,3,0,3,0,0,0,0,0,0,0,0,0,0,0,0,0,0,0,0,0,0,0,0,0,0,0,0,0,0,0,526
,Mukinbudin (S),8,7,6,16,5,10,6,10,8,8,6,3,5,0,7,5,0,3,3,0,4,0,6,0,3,7,9,11,7,11,13,10,8,6,7,16,10,5,0,5,4,0,9,11,12,11,3,4,5,7,4,5,0,4,11,10,11,9,14,11,11,12,8,10,4,11,7,3,3,10,7,0,4,5,5,6,3,3,6,0,5,7,0,0,7,0,0,3,0,0,0,0,0,0,0,0,0,0,0,0,0,0,0,0,0,0,0,0,0,0,0,0,0,0,0,0,553
,Mundaring (S),327,360,374,393,440,433,454,454,479,473,503,519,487,485,452,539,526,522,472,457,494,424,433,403,392,386,422,398,427,384,444,421,440,436,422,439,465,447,459,470,487,498,516,522,618,638,595,609,646,608,609,535,626,637,617,585,565,592,549,526,556,492,488,451,488,489,495,436,433,495,389,379,334,295,272,259,233,221,186,168,155,160,138,115,95,96,95,73,71,55,53,43,23,28,16,16,17,5,4,4,0,0,0,0,0,0,0,0,0,0,0,0,0,0,0,0,38159
,Murchison (S),5,0,0,0,0,0,3,3,0,0,0,0,0,0,0,0,3,0,5,4,0,0,8,4,4,0,3,0,6,0,0,0,0,0,0,0,3,6,0,0,0,3,3,4,0,6,3,6,8,0,4,3,0,4,6,4,4,0,3,0,0,0,3,6,0,0,0,0,0,0,0,0,0,0,0,0,0,0,0,0,0,0,0,0,0,0,0,0,0,0,0,0,0,0,0,0,0,0,0,0,0,0,0,0,0,0,0,0,0,0,0,0,0,0,0,0,153
,Murray (S),170,168,169,197,217,234,225,235,215,237,226,176,229,195,238,210,217,197,208,172,187,162,158,150,169,147,164,165,160,162,178,170,141,159,158,173,165,164,166,171,221,192,193,217,256,240,225,233,221,220,220,229,255,216,246,240,232,201,229,228,251,220,226,227,234,246,241,245,285,224,195,192,178,180,189,146,126,156,148,131,129,109,80,62,59,67,54,27,39,28,22,10,15,10,16,4,5,0,0,0,0,3,0,0,0,0,0,0,0,0,0,0,0,0,0,0,16696
,Nannup (S),10,6,13,18,10,15,13,15,19,16,17,14,13,15,12,9,12,8,4,10,4,5,15,12,6,0,9,8,8,5,14,8,8,11,16,11,9,9,14,3,17,18,9,11,22,22,16,17,26,26,19,13,26,20,27,16,34,29,16,18,31,31,34,28,28,33,32,23,27,29,26,21,17,26,18,15,16,14,11,6,4,6,0,7,4,0,3,3,0,0,3,0,0,0,0,0,0,0,0,0,0,0,0,0,0,0,0,0,0,0,0,0,0,0,0,0,1329
,Narembeen (S),12,13,11,11,12,5,3,10,9,13,12,5,13,7,6,7,9,5,4,4,8,8,4,15,0,14,13,8,11,17,15,18,16,12,4,3,4,8,4,3,9,10,11,4,4,13,8,8,15,9,15,3,9,6,16,20,17,13,8,11,15,15,14,9,9,0,9,6,13,8,17,10,11,9,8,8,6,0,5,0,3,5,4,12,10,6,3,0,3,3,6,0,0,0,0,0,0,0,0,0,0,0,0,0,0,0,0,0,0,0,0,0,0,0,0,0,810
,Narrogin (S),56,61,69,70,72,80,83,69,84,65,68,69,65,85,79,87,99,99,63,55,43,53,61,53,57,77,45,36,61,48,55,70,49,49,66,51,56,41,62,49,58,50,63,56,83,72,67,68,63,65,75,60,46,70,68,68,71,88,77,76,68,57,82,68,65,58,69,67,57,54,56,38,41,47,37,36,32,27,38,33,35,18,26,25,16,17,16,20,18,13,13,17,7,4,4,0,4,0,0,0,0,0,0,0,0,0,0,0,0,0,0,0,0,0,0,0,5158
,Nedlands (C),153,186,190,227,242,275,293,316,300,324,345,351,318,332,325,315,304,313,290,304,303,305,311,329,283,230,213,186,167,142,157,142,169,190,185,183,212,208,239,235,250,254,257,287,302,322,320,304,313,327,326,303,290,302,274,313,301,259,283,312,267,258,247,252,268,269,257,230,262,266,196,184,188,173,159,145,116,110,129,123,104,76,73,118,81,84,67,59,61,45,54,41,44,30,16,17,14,13,8,4,0,0,0,0,0,0,0,0,0,0,0,0,0,0,0,0,21114
,Ngaanyatjarraku (S),15,34,29,25,29,35,17,30,26,35,32,27,22,25,21,21,28,27,34,22,31,14,39,29,31,31,15,26,22,37,48,20,38,35,40,29,25,19,23,18,27,13,27,24,22,26,15,28,11,10,27,14,14,12,23,16,12,18,10,12,14,12,9,9,8,5,7,11,15,10,8,8,3,3,5,4,9,0,4,3,0,0,0,0,3,0,0,4,0,0,0,0,0,0,0,0,0,0,0,0,0,0,0,0,0,0,0,0,0,0,0,0,0,0,0,0,1606
,Northam (S),120,149,145,110,143,138,143,121,150,149,162,142,134,155,141,151,121,138,102,110,99,112,122,134,120,125,133,133,128,138,133,133,129,149,129,135,134,121,114,125,149,140,134,151,169,135,150,163,133,139,143,137,158,155,153,179,187,180,182,161,173,154,149,155,159,142,140,145,119,158,120,96,110,86,94,84,68,52,62,62,59,48,40,38,39,31,31,34,21,23,15,13,22,8,0,5,5,0,0,0,0,0,0,0,0,0,0,0,0,0,0,0,0,0,0,0,11115
,Northampton (S),35,23,27,25,43,41,37,36,31,40,41,32,29,31,38,34,27,30,28,12,23,32,16,25,39,25,24,26,16,19,26,30,25,21,26,27,17,28,35,48,37,39,28,32,54,50,49,42,58,50,48,50,50,67,58,66,46,59,69,68,81,78,60,69,62,76,63,41,65,36,50,40,58,34,45,36,26,26,21,18,18,18,10,15,16,16,3,5,5,5,8,0,0,3,0,0,3,0,0,0,0,0,0,0,0,0,0,0,0,0,0,0,0,0,0,0,3322
,Nungarin (S),0,5,9,4,7,0,0,5,0,0,4,4,3,7,7,3,0,3,9,0,8,3,3,0,10,5,0,8,0,0,3,0,3,0,0,3,0,6,0,0,3,0,4,0,10,0,0,9,6,3,0,5,5,4,9,4,7,9,0,6,4,0,7,5,11,3,8,0,3,0,0,0,3,0,5,0,0,4,0,0,0,0,5,0,4,0,0,4,0,0,0,0,0,0,0,0,0,0,0,0,0,0,0,0,0,0,0,0,0,0,0,0,0,0,0,0,251
,Peppermint Grove (S),15,8,5,10,8,12,22,16,13,19,35,22,39,46,43,63,54,48,33,23,22,14,31,27,22,18,13,20,13,6,9,10,17,9,5,4,12,15,13,5,13,17,14,20,12,24,19,20,17,30,21,30,29,23,30,16,26,15,32,19,20,28,27,27,17,20,11,13,16,18,18,20,11,12,11,17,10,8,7,9,10,3,5,12,7,7,5,9,0,7,3,4,0,4,3,0,0,0,0,0,0,0,0,0,0,0,0,0,0,0,0,0,0,0,0,0,1637
,Perenjori (S),3,9,8,8,6,13,7,8,4,3,4,6,5,0,3,4,0,4,4,8,6,4,6,8,5,10,10,10,12,11,15,9,12,9,16,13,8,8,3,7,6,0,7,9,11,14,8,18,15,9,7,17,9,17,10,14,12,11,12,13,8,13,11,6,6,0,5,10,4,6,0,4,0,0,6,0,4,0,0,0,3,0,0,3,0,0,5,0,5,0,0,0,0,0,0,0,0,0,0,0,0,0,0,0,0,0,0,0,0,0,0,0,0,0,0,0,616
,Perth (C),202,160,127,103,75,61,52,52,43,39,28,43,56,48,45,44,55,76,262,442,498,495,521,642,685,781,810,847,848,818,880,791,725,639,634,495,425,344,351,307,247,222,221,239,234,242,204,199,217,189,190,220,220,207,193,192,189,194,196,185,226,214,177,162,171,165,171,148,166,153,136,98,133,84,104,81,102,74,64,63,60,34,40,43,15,27,25,27,16,22,12,9,3,12,3,4,9,0,0,0,0,0,0,0,0,0,0,0,0,0,0,0,0,0,0,0,21798
,Pingelly (S),5,8,15,15,13,17,15,16,11,18,18,13,7,15,9,9,7,17,9,5,3,0,17,4,12,8,9,9,9,15,11,5,10,5,11,7,3,11,17,5,3,9,8,19,18,17,17,9,21,16,20,15,7,21,15,23,23,17,24,24,29,18,23,19,21,15,24,20,17,12,27,11,16,9,18,16,11,12,10,12,9,7,4,3,8,5,9,3,0,3,0,5,0,0,0,0,0,0,0,0,0,0,0,0,0,0,0,0,0,0,0,0,0,0,0,0,1150
,Plantagenet (S),42,48,53,46,68,54,50,66,58,79,65,70,52,62,68,46,60,73,75,39,49,46,41,42,30,47,42,38,34,52,34,30,42,45,45,52,46,54,59,65,63,69,60,76,70,78,77,88,73,80,83,79,71,84,86,75,94,75,87,75,77,83,92,82,69,84,77,65,71,98,62,59,53,44,47,54,43,31,26,38,27,19,22,18,13,10,16,19,13,4,3,5,3,4,3,5,3,0,0,0,0,0,0,0,0,0,0,0,0,0,0,0,0,0,0,0,5078
,Port Hedland (T),258,292,271,282,266,282,266,225,258,187,208,166,157,145,149,154,152,141,118,118,142,149,159,215,227,295,314,292,354,337,357,359,316,341,308,315,289,227,235,255,213,220,215,212,232,231,223,205,219,173,203,184,206,202,192,196,179,150,122,133,122,96,88,79,72,72,55,41,37,34,25,33,24,13,13,18,20,14,12,7,6,8,4,8,10,7,0,0,0,0,9,7,4,0,0,0,4,0,4,0,0,0,0,0,0,0,0,0,0,0,0,0,0,0,0,0,14465
,Quairading (S),8,7,12,9,17,14,12,8,19,11,14,15,7,0,8,8,3,11,14,6,3,7,5,5,3,3,14,18,3,10,15,15,7,0,7,11,3,12,10,10,12,7,6,7,4,10,24,19,5,12,13,12,17,28,14,26,17,13,20,19,23,23,18,20,20,8,23,10,16,15,10,18,11,11,24,17,11,8,17,5,4,8,6,6,8,0,9,6,3,3,3,0,0,6,0,0,0,0,0,0,0,0,0,0,0,0,0,0,0,0,0,0,0,0,0,0,1020
,Ravensthorpe (S),15,21,28,21,19,18,25,28,32,21,31,21,11,10,12,12,5,10,0,13,17,11,9,10,15,15,25,15,29,21,20,12,37,20,32,24,17,20,30,24,21,27,23,22,19,20,14,17,23,27,37,27,23,24,27,31,37,21,21,40,18,21,23,22,36,27,32,22,30,21,29,36,15,17,29,14,9,13,18,9,11,6,4,10,8,0,3,3,5,0,5,0,0,0,0,0,0,0,0,0,0,0,0,0,0,0,0,0,0,0,0,0,0,0,0,0,1732
,Rockingham (C),1771,1869,1866,1951,1961,1986,1933,1929,2038,1971,1814,1723,1766,1668,1667,1631,1705,1690,1647,1540,1660,1716,1732,1675,1731,1788,1818,1762,1775,1845,1848,1816,1873,1889,1809,1760,1720,1697,1557,1640,1703,1730,1772,1725,1901,1927,1804,1827,1609,1698,1678,1671,1690,1616,1698,1475,1466,1385,1294,1207,1271,1113,1091,1069,1041,1005,977,920,988,1042,880,827,836,676,696,669,617,580,490,525,485,433,373,355,322,311,248,226,205,176,114,111,76,69,44,43,35,15,15,17,0,0,4,0,0,0,0,0,0,0,0,0,0,0,0,0,125112
,Sandstone (S),0,0,0,0,0,0,0,0,0,0,0,0,0,0,0,0,0,0,0,0,0,0,0,0,0,0,0,0,0,0,0,0,0,0,0,0,0,0,0,6,4,4,0,0,0,0,0,3,6,6,5,0,3,5,0,0,4,7,0,0,0,0,7,3,5,3,5,7,5,0,3,3,0,4,0,0,0,0,0,0,0,0,0,0,0,0,0,0,0,0,0,0,0,0,0,0,0,0,0,0,0,0,0,0,0,0,0,0,0,0,0,0,0,0,0,0,89
,Serpentine-Jarrahdale (S),465,458,454,490,462,459,442,417,434,443,404,361,387,367,363,352,373,320,334,317,322,312,369,374,418,393,480,415,462,439,534,437,425,430,446,385,428,374,404,307,370,362,339,348,400,413,426,362,387,334,345,373,380,360,318,350,292,269,285,267,249,240,215,223,211,217,174,189,212,199,148,142,140,96,98,113,91,106,68,63,37,65,37,46,33,40,33,25,8,18,13,13,12,11,6,8,0,0,0,0,0,0,0,0,0,0,0,0,0,0,0,0,0,0,0,0,26831
,Shark Bay (S),16,17,13,19,16,15,14,13,13,8,11,8,7,4,5,4,0,7,3,4,8,7,5,7,11,11,12,14,10,12,19,14,19,6,16,22,17,16,10,11,10,16,10,5,14,12,10,7,11,8,15,12,9,21,19,13,16,5,16,13,23,18,11,6,20,15,14,14,18,24,10,7,15,11,12,11,0,6,3,4,6,0,0,0,5,3,0,4,0,0,0,0,0,0,0,0,0,0,0,0,0,0,0,0,0,0,0,0,0,0,0,0,0,0,0,0,947
,South Perth (C),403,414,400,356,397,378,409,418,446,411,402,397,402,419,444,466,456,496,556,678,729,767,743,737,691,741,738,734,731,743,709,713,676,689,639,609,609,517,557,550,512,534,483,504,525,604,544,520,550,491,471,497,538,526,519,550,508,537,515,519,528,505,485,514,504,476,457,432,414,421,335,300,285,272,274,222,247,205,194,193,162,166,153,147,134,135,123,117,138,110,120,81,69,65,41,51,32,20,7,15,7,3,0,0,0,0,0,0,0,0,0,0,0,0,0,0,41989
,Stirling (C),2674,2711,2646,2531,2470,2408,2393,2272,2361,2245,2250,2082,2203,2059,2084,2095,2153,2149,2070,2282,2413,2512,2600,2801,3060,3396,3711,3950,4073,4169,4323,4166,4077,3913,3743,3454,3232,3123,3036,2907,2927,2884,2881,2885,2975,2928,2817,2770,2556,2533,2421,2518,2579,2478,2535,2386,2378,2320,2292,2315,2213,2153,2106,2123,1931,1896,1859,1847,1825,1935,1500,1498,1530,1408,1418,1241,1318,1224,1259,1127,1094,996,899,862,841,729,741,593,588,506,425,332,250,225,186,119,82,51,35,20,6,4,0,4,0,0,0,0,0,0,0,0,0,0,0,0,210209
,Subiaco (C),218,182,206,169,231,197,190,194,192,183,176,176,179,190,165,148,160,166,216,351,353,384,325,373,347,440,406,375,402,377,335,338,326,279,320,329,274,284,252,267,235,226,216,267,240,220,223,248,216,201,211,226,238,217,216,202,220,194,208,214,239,182,191,227,213,207,187,209,202,221,166,156,157,134,158,122,128,123,116,114,93,106,64,67,60,68,58,45,43,47,21,38,27,24,22,16,4,3,9,3,0,0,0,0,0,0,0,0,0,0,0,0,0,0,0,0,19363
,Swan (C),1991,2031,2057,2001,1972,1942,1948,1926,2043,1875,1872,1862,1802,1906,1762,1821,1785,1837,1807,1770,1814,1836,1861,1917,1956,1982,2061,2029,2073,2193,2178,2143,2149,2216,2123,2075,1943,1909,1860,1811,1973,1863,1867,1982,2054,1996,1886,1934,1897,1873,1793,1716,1846,1747,1777,1691,1609,1548,1398,1376,1307,1313,1229,1173,1055,1126,1016,916,947,1003,795,709,697,631,617,534,536,472,456,416,370,342,304,302,231,253,216,183,162,122,103,101,69,46,24,32,25,21,11,10,6,0,0,0,0,0,0,0,0,0,0,0,0,0,0,0,133851
,Tammin (S),3,9,13,0,4,9,4,4,6,18,3,4,10,3,0,0,7,0,3,0,5,0,0,5,4,5,8,3,0,0,6,0,6,7,5,3,7,8,6,5,0,5,3,5,7,3,3,8,3,12,7,7,7,8,8,5,7,5,3,7,5,3,6,0,3,0,9,0,5,0,4,0,0,5,4,5,0,6,0,0,0,5,0,0,3,0,0,0,0,0,0,0,0,0,0,0,0,0,0,0,0,0,0,0,0,0,0,0,0,0,0,0,0,0,0,0,401
,Three Springs (S),13,8,5,14,11,11,6,15,12,13,16,8,5,5,0,5,4,0,0,3,7,9,0,6,0,9,3,5,6,7,3,4,9,16,13,4,4,8,3,10,9,11,6,3,6,13,11,10,5,0,12,7,7,5,5,4,12,8,7,9,3,3,12,11,12,5,7,14,4,12,6,5,4,7,9,0,4,0,0,4,0,0,0,0,8,3,4,4,0,3,7,0,0,0,0,0,0,0,0,0,0,0,0,0,0,0,0,0,0,0,0,0,0,0,0,0,592
,Toodyay (S),35,34,44,50,45,39,46,30,51,43,48,52,51,47,42,53,53,52,36,30,34,35,30,41,31,21,20,27,28,27,34,33,32,38,41,41,35,38,41,49,38,35,42,49,53,70,65,65,82,85,89,67,85,83,94,86,101,111,78,85,74,58,90,82,95,95,100,96,105,84,71,38,67,49,38,47,45,32,32,27,23,18,10,17,17,8,0,6,5,5,0,3,3,0,0,0,0,0,0,0,0,0,0,0,0,0,0,0,0,0,0,0,0,0,0,0,4442
,Trayning (S),0,0,4,0,0,7,3,6,4,3,6,3,10,0,0,3,0,0,0,8,3,6,0,8,7,5,5,5,5,0,0,7,0,0,0,4,0,4,5,6,0,0,9,4,3,6,8,10,4,5,5,3,4,12,14,11,5,5,6,0,7,8,6,8,5,8,4,5,8,3,10,4,3,5,10,4,0,3,0,0,0,0,0,0,0,0,0,0,0,3,0,0,3,0,0,0,0,0,0,0,0,0,0,0,0,0,0,0,0,0,0,0,0,0,0,0,348
,Upper Gascoyne (S),9,4,5,0,12,5,7,5,3,3,3,8,4,5,0,6,8,4,7,0,4,6,4,6,12,6,7,4,5,6,10,6,4,5,0,5,4,3,6,0,4,0,3,4,4,8,0,0,0,7,7,4,0,4,4,0,6,3,0,0,0,0,4,6,0,4,0,0,0,5,0,4,7,0,4,0,0,0,0,0,0,0,0,0,0,0,0,0,0,0,0,0,0,0,0,0,0,0,0,0,0,0,0,0,0,0,0,0,0,0,0,0,0,0,0,0,280
,Victoria Park (T),462,426,434,350,358,324,310,302,277,312,257,272,222,206,224,223,216,262,400,510,612,601,666,668,722,743,832,903,861,822,913,823,804,749,738,684,611,558,579,500,494,431,454,445,463,467,407,399,379,386,381,372,386,394,371,386,344,328,324,349,317,326,314,292,294,278,249,273,238,239,198,181,196,172,166,156,146,156,144,167,120,131,113,146,139,168,128,130,125,109,101,84,72,69,55,43,23,11,9,7,0,0,0,0,3,0,0,0,0,0,0,0,0,0,0,0,34990
,Victoria Plains (S),12,21,11,11,15,11,13,15,23,8,11,0,8,4,9,9,5,6,9,11,3,6,4,0,10,6,17,8,9,9,8,12,6,12,13,9,6,13,21,7,8,8,17,8,12,18,19,22,17,10,24,15,31,10,17,24,12,27,17,11,10,13,6,9,4,17,8,8,7,12,7,12,11,9,13,13,6,11,3,0,6,5,6,0,0,0,0,0,0,0,0,0,0,0,0,0,0,0,0,0,0,0,0,0,0,0,0,0,0,0,0,0,0,0,0,0,913
,Vincent (C),404,380,372,342,360,361,364,331,332,306,279,248,252,210,230,219,224,237,225,294,352,399,477,578,677,792,823,853,1000,909,956,894,868,813,718,684,637,627,598,496,472,493,497,452,521,482,457,449,423,434,398,388,421,377,405,378,353,372,381,335,316,295,304,256,265,261,224,227,227,226,155,157,137,128,138,108,119,139,123,123,101,122,94,91,72,110,80,76,97,50,55,51,26,26,28,27,7,9,4,7,3,4,0,0,0,0,0,0,0,0,0,0,0,0,0,0,33696
,Wagin (S),13,17,16,22,21,36,17,31,28,28,22,20,26,18,19,19,17,20,15,14,6,12,15,23,12,20,6,7,6,16,12,16,16,21,21,10,16,14,23,20,28,22,28,20,12,16,30,25,19,21,34,18,27,29,26,38,27,34,30,36,32,29,24,37,24,40,21,33,27,35,24,22,29,15,20,20,21,19,16,16,10,19,7,3,6,12,10,7,7,3,3,5,4,8,0,0,0,0,0,0,0,0,0,0,0,0,0,0,0,0,0,0,0,0,0,0,1850
,Wandering (S),6,5,5,4,6,8,10,5,6,11,6,8,3,5,0,0,0,3,3,0,0,6,3,0,4,3,0,0,0,0,9,6,8,3,3,0,6,9,3,6,11,3,0,6,4,6,6,10,5,11,6,11,5,9,7,7,6,5,9,5,7,5,4,4,14,6,7,10,3,3,0,7,4,6,3,0,5,5,0,5,4,4,7,0,0,0,0,0,0,0,0,0,0,0,0,0,0,0,0,0,0,0,0,0,0,0,0,0,0,0,0,0,0,0,0,0,448
,Wanneroo (C),2870,3005,3075,3065,2978,3015,3021,2932,2984,2923,2836,2684,2683,2563,2586,2662,2701,2739,2686,2648,2532,2651,2495,2510,2604,2783,2751,2684,2890,3066,3027,3108,3075,3114,2962,2890,2893,2775,2813,2679,2817,2814,2862,2833,2928,3110,2792,2781,2700,2546,2537,2410,2320,2324,2125,2115,1929,1866,1760,1692,1550,1566,1450,1414,1350,1362,1295,1262,1289,1351,974,958,949,812,872,752,764,705,647,575,526,466,384,429,389,322,280,256,206,175,183,118,87,77,56,39,42,21,17,5,4,0,3,0,0,0,0,0,0,0,0,0,0,0,0,0,188216
,Waroona (S),44,44,52,44,45,47,63,48,64,40,57,62,61,55,57,56,50,54,48,41,37,37,43,39,34,46,34,32,32,37,46,53,47,42,35,52,48,41,47,38,35,38,54,55,51,64,64,48,67,54,74,54,52,75,66,73,60,60,75,50,69,53,64,65,57,60,68,65,49,55,35,31,35,36,46,38,43,32,37,37,26,11,25,24,15,21,12,7,5,3,8,8,16,3,0,6,0,6,0,0,0,0,0,0,0,0,0,0,0,0,0,0,0,0,0,0,4150
,West Arthur (S),12,8,8,21,13,9,12,14,19,3,9,7,6,8,11,8,3,0,6,9,4,7,6,3,0,3,10,9,12,5,9,9,5,15,0,11,7,9,3,7,13,10,7,5,15,16,10,21,17,17,16,13,14,26,10,14,15,22,16,12,7,10,19,12,8,12,10,7,14,20,0,4,6,5,3,8,5,13,0,3,4,10,0,0,0,4,6,3,3,0,3,0,0,0,0,0,0,0,0,0,0,0,0,0,0,0,0,0,0,0,0,0,0,0,0,0,805
,Westonia (S),0,5,5,8,5,3,4,4,0,0,4,0,4,0,6,5,0,0,0,0,5,8,3,0,0,0,0,4,4,3,9,4,0,3,4,13,9,5,11,3,3,4,3,0,11,0,3,0,4,8,6,3,7,9,5,0,6,3,4,7,6,4,8,3,5,3,0,3,0,0,9,3,0,0,0,4,0,6,0,0,0,4,0,0,0,0,0,0,0,0,0,0,0,0,0,0,0,0,0,0,0,0,0,0,0,0,0,0,0,0,0,0,0,0,0,0,307
,Wickepin (S),13,5,12,8,10,14,15,12,12,12,5,6,5,5,10,12,0,11,8,3,4,5,4,5,4,13,6,9,6,12,11,9,14,5,10,7,6,13,8,14,9,11,4,9,8,8,7,9,9,10,11,18,10,17,12,18,12,15,9,14,10,17,9,7,0,9,14,3,9,11,9,5,7,9,6,6,0,3,4,9,11,0,8,0,6,0,3,0,4,0,0,0,0,0,0,0,0,0,0,0,0,0,0,0,0,0,0,0,0,0,0,0,0,0,0,0,720
,Williams (S),22,18,19,14,12,9,22,21,14,11,8,16,8,8,0,6,6,3,4,5,4,7,13,9,5,6,8,15,18,11,11,26,16,16,18,11,7,8,9,14,16,14,12,6,11,12,9,11,19,14,8,18,3,11,15,20,18,14,17,27,16,19,18,16,15,12,10,9,4,12,16,8,14,12,11,7,6,4,4,6,5,9,4,0,3,0,6,0,3,0,0,6,0,0,0,0,0,0,0,0,0,0,0,0,0,0,0,0,0,0,0,0,0,0,0,0,979
,Wiluna (S),0,11,12,8,9,7,6,7,4,6,3,6,3,0,0,4,0,9,10,9,4,4,9,14,20,16,25,14,13,24,25,26,30,15,12,16,15,8,19,19,9,7,17,12,20,15,14,7,4,13,18,7,11,16,7,7,11,10,6,9,7,7,6,8,5,14,6,4,0,3,0,4,0,0,0,0,5,0,0,0,0,0,0,0,0,0,0,0,0,0,0,0,0,0,0,0,0,0,0,0,0,0,0,0,0,0,0,0,0,0,0,0,0,0,0,0,745
,Wongan-Ballidu (S),19,14,14,25,19,26,31,23,18,26,19,23,13,9,15,8,13,3,11,7,15,12,10,12,16,6,12,14,18,24,16,14,21,23,19,22,13,17,17,17,17,16,18,12,27,10,20,19,15,18,15,15,20,34,20,23,18,30,15,13,29,28,14,22,20,16,15,16,12,13,15,15,15,7,6,10,0,11,6,4,4,0,3,7,6,0,5,8,0,0,3,0,0,0,0,0,0,0,0,0,0,0,0,0,0,0,0,0,0,0,0,0,0,0,0,0,1334
,Woodanilling (S),9,3,10,6,8,7,6,8,5,4,3,10,9,6,0,0,4,0,4,4,0,9,3,6,0,5,0,6,3,5,3,0,0,7,4,4,11,7,0,0,4,4,6,3,5,4,4,10,10,3,4,10,10,10,13,0,8,17,9,5,12,0,5,0,11,5,7,7,6,0,0,7,3,5,4,3,6,0,0,0,0,0,0,0,0,0,0,0,0,0,0,0,0,0,0,0,0,0,0,0,0,0,0,0,0,0,0,0,0,0,0,0,0,0,0,0,409
,Wyalkatchem (S),9,8,6,8,3,6,3,9,3,5,7,6,6,0,4,0,0,0,0,5,4,4,4,3,4,5,4,7,11,14,4,7,0,5,3,9,5,9,4,4,4,3,0,5,6,4,11,3,5,4,7,8,13,7,8,14,9,10,10,3,9,8,9,3,18,11,7,14,7,7,4,7,10,11,10,9,5,6,12,10,0,6,0,0,3,3,4,0,0,3,0,0,0,0,0,5,0,0,0,0,0,0,0,0,0,0,0,0,0,0,0,0,0,0,0,0,511
,Wyndham-East Kimberley (S),119,128,128,109,134,111,117,117,102,110,86,109,107,98,71,93,74,73,85,86,103,85,86,129,109,92,136,125,131,129,143,116,127,106,118,112,101,111,91,90,120,92,99,120,90,130,90,100,91,111,102,97,87,123,114,108,105,102,83,79,70,88,64,76,45,61,36,49,39,33,32,25,25,28,23,14,20,11,16,0,8,0,4,4,5,3,0,3,3,0,0,0,0,0,0,0,0,0,0,0,0,0,0,0,0,0,0,0,0,0,0,0,0,0,0,0,7152
,Yalgoo (S),3,4,0,0,0,6,0,3,7,0,4,0,4,0,0,3,6,3,4,5,8,4,5,4,9,0,5,12,14,9,9,5,3,6,9,8,8,4,0,6,0,0,13,3,6,8,8,3,3,7,0,4,7,7,9,7,3,5,5,9,13,4,3,0,4,0,4,0,0,9,0,0,0,0,0,0,3,0,0,0,4,0,0,0,0,0,0,0,0,4,0,0,0,0,0,0,0,0,0,0,0,0,0,0,0,0,0,0,0,0,0,0,0,0,0,0,338
,Yilgarn (S),7,9,14,10,10,11,15,14,14,14,17,18,6,5,4,3,0,7,10,10,6,10,5,9,10,18,23,17,22,21,15,18,11,14,21,17,14,14,17,14,22,18,10,22,22,30,15,22,26,21,33,36,25,21,21,21,25,19,16,20,13,10,15,23,10,24,13,15,13,20,8,4,7,6,6,8,11,5,6,3,3,5,3,5,0,5,0,0,5,0,0,0,0,0,0,0,0,0,0,0,0,0,0,0,0,0,0,0,0,0,0,0,0,0,0,0,1201
,York (S),29,29,43,43,49,50,28,54,37,52,33,30,40,46,46,31,42,31,29,19,14,25,26,32,24,16,12,18,29,23,25,35,31,33,35,39,33,24,34,37,25,35,39,22,28,45,45,55,43,54,51,70,49,51,62,62,61,61,60,66,71,65,73,45,75,83,72,63,69,72,46,44,53,52,45,33,29,39,33,33,30,20,13,17,22,14,10,15,10,7,8,5,8,3,0,0,0,0,0,0,0,0,0,0,0,0,0,0,0,0,0,0,0,0,0,0,3604
,No usual address (WA),39,28,32,32,32,26,32,31,22,30,22,25,16,17,21,19,20,21,35,64,82,82,92,107,141,123,137,138,143,152,155,137,112,93,116,74,96,85,103,91,86,96,83,99,97,105,91,107,71,77,104,93,97,107,110,126,93,81,109,98,112,88,103,91,84,87,123,94,74,66,51,42,45,37,21,22,21,13,9,5,8,7,4,0,0,4,0,0,0,8,3,3,0,0,0,0,0,6,0,0,0,0,0,0,0,0,0,0,0,0,0,0,0,0,0,0,5950
,Migratory - Offshore - Shipping (WA),0,0,0,0,0,0,0,0,0,0,0,0,0,0,0,0,0,0,0,0,0,0,8,9,3,7,6,11,5,15,21,18,20,11,20,13,7,17,11,15,20,10,14,15,9,14,6,10,18,8,12,4,7,11,11,8,6,3,9,3,3,4,0,0,4,0,0,0,0,0,0,0,0,0,0,0,0,0,0,0,0,0,0,0,0,0,0,0,0,0,0,0,0,0,0,0,0,0,0,0,0,0,0,0,0,0,0,0,0,0,0,0,0,0,0,0,431
,Total,31097,32754,32629,32783,32463,32910,32950,32321,33056,32910,31849,30293,30015,29416,29232,29932,30107,30444,29447,30068,30887,31687,31790,32675,33296,34906,36651,36937,37868,38553,39893,38981,38944,38635,37811,36688,35283,34296,33651,33123,33566,33426,33890,34603,36507,37089,34804,34832,33294,32498,32405,32175,32763,32878,32223,31946,30835,29836,28984,28296,28373,26834,26223,25676,25042,24569,23443,22712,22596,23431,18393,17308,17121,14974,15117,13630,13079,12397,11685,10714,9994,9285,8206,7896,7209,6831,6167,5251,4819,4112,3508,2909,2330,1851,1449,1107,835,440,376,232,92,46,23,18,11,5,9,0,0,0,0,0,0,0,0,0,2474414
"Data Source: Census of Population and Housing, 2016, TableBuilder",,,,,,,,,,,,,,,,,,,,,,,,,,,,,,,,,,,,,,,,,,,,,,,,,,,,,,,,,,,,,,,,,,,,,,,,,,,,,,,,,,,,,,,,,,,,,,,,,,,,,,,,,,,,,,,,,,,,,,
,,,,,,,,,,,,,,,,,,,,,,,,,,,,,,,,,,,,,,,,,,,,,,,,,,,,,,,,,,,,,,,,,,,,,,,,,,,,,,,,,,,,,,,,,,,,,,,,,,,,,,,,,,,,,,,,,,,,,,
INFO,Cells in this table have been randomly adjusted to avoid the release of confidential data. No reliance should be placed on small cells.,,,,,,,,,,,,,,,,,,,,,,,,,,,,,,,,,,,,,,,,,,,,,,,,,,,,,,,,,,,,,,,,,,,,,,,,,,,,,,,,,,,,,,,,,,,,,,,,,,,,,,,,,,,,,,,,,,,,,
,,,,,,,,,,,,,,,,,,,,,,,,,,,,,,,,,,,,,,,,,,,,,,,,,,,,,,,,,,,,,,,,,,,,,,,,,,,,,,,,,,,,,,,,,,,,,,,,,,,,,,,,,,,,,,,,,,,,,,
,,,,,,,,,,,,,,,,,,,,,,,,,,,,,,,,,,,,,,,,,,,,,,,,,,,,,,,,,,,,,,,,,,,,,,,,,,,,,,,,,,,,,,,,,,,,,,,,,,,,,,,,,,,,,,,,,,,,,,
"© Copyright Commonwealth of Australia, 2018, see abs.gov.au/copyright",,,,,,,,,,,,,,,,,,,,,,,,,,,,,,,,,,,,,,,,,,,,,,,,,,,,,,,,,,,,,,,,,,,,,,,,,,,,,,,,,,,,,,,,,,,,,,,,,,,,,,,,,,,,,,,,,,,,,,
"ABS data licensed under Creative Commons, see abs.gov.au/ccby",,,,,,,,,,,,,,,,,,,,,,,,,,,,,,,,,,,,,,,,,,,,,,,,,,,,,,,,,,,,,,,,,,,,,,,,,,,,,,,,,,,,,,,,,,,,,,,,,,,,,,,,,,,,,,,,,,,,,,
